product_name,product_link
Jordan 1 Retro Low OG SP Travis Scott Velvet Brown,https://stockx.com/air-jordan-1-retro-low-og-sp-travis-scott-velvet-brown
Nike SB Dunk Low The Wizard of Oz Poppy Field,https://stockx.com/nike-sb-dunk-low-the-wizard-of-oz-poppy-field
Nike Air Force 1 Low G Dragon Peaceminusone Para Noise 3 0,https://stockx.com/nike-air-force-1-low-g-dragon-peaceminusone-para-noise-30
ASICS Gel 1130 White Pure Silver,https://stockx.com/asics-gel-1130-white-pure-silver
Jordan 11 Retro Legend Blue 2024,https://stockx.com/air-jordan-11-retro-legend-blue-2024
Jordan 3 Retro OG Black Cement 2024,https://stockx.com/air-jordan-3-retro-black-cement-2024
Jordan 4 Retro Fear 2024,https://stockx.com/air-jordan-4-retro-fear-2024
adidas Yeezy Foam RNR Onyx,https://stockx.com/adidas-yeezy-foam-rnnr-onyx
Nike Dunk Low Retro White Black Panda,https://stockx.com/nike-dunk-low-retro-white-black-2021
Jordan 4 Retro White Thunder,https://stockx.com/air-jordan-4-retro-white-thunder
adidas Yeezy Slide Slate Marine,https://stockx.com/adidas-yeezy-slide-slate-marine
Nike Dunk Low Photon Dust Women s,https://stockx.com/nike-dunk-low-photon-dust-w
Jordan 4 Retro Military Blue 2024,https://stockx.com/air-jordan-4-retro-military-blue-2024
UGG Tasman Slipper Chestnut Women s,https://stockx.com/ugg-tasman-slipper-chestnut-w
adidas Yeezy Slide Dark Onyx,https://stockx.com/adidas-yeezy-slide-dark-onyx
adidas Handball Spezial Earth Strata Gum Women s,https://stockx.com/adidas-handball-spezial-earth-strata-gum-womens
Jordan 1 Retro Low OG Mocha,https://stockx.com/air-jordan-1-retro-low-og-mocha
Jordan 4 Retro Bred Reimagined,https://stockx.com/air-jordan-4-retro-bred-reimagined
adidas Yeezy Boost 350 V2 Onyx,https://stockx.com/adidas-yeezy-boost-350-v2-onyx
Nike Dunk Low Grey Fog,https://stockx.com/nike-dunk-low-grey-fog
adidas Yeezy Slide Onyx,https://stockx.com/adidas-yeezy-slide-black-onyx
adidas Yeezy Boost 350 V2 Bone,https://stockx.com/adidas-yeezy-boost-350-v2-bone
UGG Tazz Slipper Chestnut Women s,https://stockx.com/ugg-tazz-slipper-chestnut-w
ASICS Gel 1130 Black Pure Silver,https://stockx.com/asics-gel-1130-black-pure-silver
adidas Yeezy Slide Slate Grey,https://stockx.com/adidas-yeezy-slide-slate-grey
Jordan 1 Retro Low OG SP Travis Scott Medium Olive,https://stockx.com/air-jordan-1-retro-low-og-sp-travis-scott-medium-olive
Jordan Jumpman Jack TR Travis Scott Dark Mocha,https://stockx.com/air-jordan-cut-the-check-tr-travis-scott-mocha
adidas Campus 00s Core Black,https://stockx.com/adidas-campus-00s-core-black
Nike Air Force 1 Low 07 White,https://stockx.com/nike-air-force-1-low-white-07
UGG Tasman Slipper Black,https://stockx.com/ugg-tasman-slipper-black
Jordan 1 Retro Low OG SP Travis Scott Canary Women s,https://stockx.com/air-jordan-1-retro-low-og-sp-travis-scott-canary-womens
Jordan 4 Retro Oxidized Green,https://stockx.com/air-jordan-4-retro-oxidized-green
Nike Kobe 5 Protro X Ray,https://stockx.com/nike-kobe-5-protro-x-ray
Nike Dunk High Wu Tang 2024,https://stockx.com/nike-dunk-high-wu-tang-2024
adidas Samba OG Cream White Sand Strata Women s,https://stockx.com/adidas-samba-og-cream-white-sand-strata-womens
UGG Tazz Slipper Sand Women s,https://stockx.com/ugg-tazz-slipper-sand-womens
Jordan 4 Retro SE Paris Olympics Wet Cement,https://stockx.com/air-jordan-4-retro-se-paris
UGG Lowmel Sand Women s,https://stockx.com/ugg-lowmel-sand-womens
adidas Yeezy Boost 350 V2 Steel Grey,https://stockx.com/adidas-yeezy-boost-350-v2-steel-grey
adidas Samba OG Cloud White Core Black,https://stockx.com/adidas-samba-og-cloud-white-core-black
Crocs Classic Clog Lightning McQueen,https://stockx.com/crocs-classic-clog-lightning-mcqueen
Jordan 4 Retro OG SP A Ma Maniére While You Were Sleeping Women s,https://stockx.com/air-jordan-4-retro-og-sp-a-ma-maniere-while-you-were-sleeping-womens
Jordan 3 Retro OG SP A Ma Maniére While You Were Sleeping Women s,https://stockx.com/air-jordan-3-retro-og-sp-a-ma-maniere-black-violet-ore-womens
Nike KD 17 NRG Aunt Pearl,https://stockx.com/nike-kd-17-aunt-pearl
ASICS Gel Kayano 14 Cream Black Metallic Plum,https://stockx.com/asics-gel-kayano-14-cream-black-metallic-plum
Jordan 1 Retro High OG Chicago Lost and Found,https://stockx.com/air-jordan-1-retro-high-og-chicago-reimagined-lost-and-found
ASICS Gel 1130 White Clay Canyon,https://stockx.com/asics-gel-1130-white-clay-canyon
Jordan 4 Retro Red Cement,https://stockx.com/air-jordan-4-retro-red-cement
Jordan 4 Retro White Thunder GS,https://stockx.com/air-jordan-4-retro-white-thunder-gs
adidas Yeezy Slide Salt,https://stockx.com/adidas-yeezy-slide-salt
Timberland 6 Premium Waterproof Boot Wheat,https://stockx.com/timberland-6-inch-premium-waterproof-wheat
ASICS Gel 1130 White Cloud Grey,https://stockx.com/asics-gel-1130-white-cloud-grey
Bad Bunny The Last Campus,https://stockx.com/adidas-campus-bad-bunny-the-last-campus
adidas Handball Spezial Shadow Red Women s,https://stockx.com/adidas-handball-spezial-shadow-red-womens
Jordan 12 Retro Blueberry,https://stockx.com/air-jordan-12-retro-blueberry
adidas Yeezy Foam RNR MX Granite,https://stockx.com/adidas-yeezy-foam-rnr-mx-granite
adidas Yeezy Boost 350 V2 Carbon Beluga,https://stockx.com/adidas-yeezy-350-v2-carbon-beluga
UGG Tasman Slipper Chestnut,https://stockx.com/ugg-tasman-slipper-chestnut
Nike P 6000 Metallic Silver,https://stockx.com/nike-p-6000-metallic-silver
Nike Dunk Low Retro White Black Panda Women s,https://stockx.com/nike-dunk-low-white-black-2021-w
adidas Campus 00s Grey White,https://stockx.com/adidas-campus-00s-grey-white
Jordan 12 Retro Barons,https://stockx.com/air-jordan-12-retro-barons-2024
Vans Knu Skool Black White,https://stockx.com/vans-knu-skool-black-white
New Balance 530 White Silver Navy,https://stockx.com/new-balance-530-white-silver-navy
Jordan 11 Retro DMP Gratitude 2023,https://stockx.com/air-jordan-11-retro-dmp-defining-moments-2023
Nike Dunk Low Cacao Wow Women s,https://stockx.com/nike-dunk-low-cacao-wow-womens
Nike Air Force 1 Low Supreme White,https://stockx.com/nike-air-force-1-low-supreme-box-logo-white
adidas SL 72 OG Maroon Preloved Brown Women s,https://stockx.com/adidas-sl-72-og-maroon-preloved-brown-womens
adidas Samba OG Black White Gum,https://stockx.com/adidas-samba-black-white-gum
adidas Gazelle Indoor Bad Bunny,https://stockx.com/adidas-gazelle-indoor-bad-bunny
Nike Zoom Vomero 5 Photon Dust Metallic Silver Women s,https://stockx.com/nike-zoom-vomero-5-photon-dust-metallic-silver-w
New Balance 9060 Black Castlerock Grey,https://stockx.com/new-balance-9060-black-castlerock-grey
Nike Dunk Low Michigan State,https://stockx.com/nike-dunk-low-varsity-green
adidas Yeezy Slide Azure,https://stockx.com/adidas-yeezy-slide-azure
Jordan 4 Retro Metallic Gold Women s,https://stockx.com/air-jordan-4-retro-metallic-gold-womens
UGG Tasman II Slipper Chestnut Kids,https://stockx.com/ugg-tasman-ii-slipper-chestnut-kids
Nike Air Force 1 Low Retro QS Kobe Bryant Lakers Home,https://stockx.com/nike-air-force-1-low-kobe-bryant-lakers-home
New Balance 9060 Rain Cloud Grey,https://stockx.com/new-balance-9060-rain-cloud-grey
Jordan 3 Retro Cement Grey,https://stockx.com/air-jordan-3-retro-cement-grey
Jordan 11 Retro Legend Blue 2024 GS,https://stockx.com/air-jordan-11-retro-legend-blue-2024-gs
UGG Tasman Slipper Black Women s,https://stockx.com/ugg-tasman-slipper-black-w
Jordan 4 Retro Orchid Women s,https://stockx.com/air-jordan-4-retro-orchid-womens
adidas Handball Spezial Navy Gum,https://stockx.com/adidas-handball-spezial-navy-gum
Nike Air Force 1 Low 07 Black,https://stockx.com/nike-air-force-1-07-black-black
adidas Handball Spezial Aluminum Core Black Women s,https://stockx.com/adidas-handball-spezial-aluminum-core-black-womens
Jordan 11 Retro Low Diffused Blue,https://stockx.com/air-jordan-11-retro-low-midnight-navy-2024
Jordan 1 Low Wolf Grey Women s,https://stockx.com/air-jordan-1-low-wolf-grey-w
Nike Kobe 8 Protro Lakers Home,https://stockx.com/nike-kobe-8-protro-lakers-home
Nike Air Force 1 Low Supreme Black,https://stockx.com/nike-air-force-1-low-supreme-box-logo-black
Jordan 9 Retro Olive 2024,https://stockx.com/air-jordan-9-retro-olive-2024
Nike KD 4 Aunt Pearl 2024,https://stockx.com/nike-kd-4-aunt-pearl-2024
ASICS Gel Kayano 14 White Midnight Women s,https://stockx.com/asics-gel-kayano-14-white-midnight-w
Jordan 11 Retro Bred Velvet Women s,https://stockx.com/air-jordan-11-retro-bred-velvet-womens
Jordan 4 Retro Thunder 2023,https://stockx.com/air-jordan-4-retro-thunder-2023
Jordan 1 Retro High OG Black White,https://stockx.com/air-jordan-1-high-og-black-white
ASICS Gel 1130 Dark Neptune,https://stockx.com/asics-gel-1130-dark-neptune
Nike Air Max 1 Patta 20th Anniversary Chlorophyll,https://stockx.com/nike-air-max-1-patta-chlorophyll-2024
Nike Kobe 8 Protro Lakers Away,https://stockx.com/nike-kobe-8-protro-lakers-away
Jordan 4 Retro Bred Reimagined GS,https://stockx.com/air-jordan-4-retro-bred-reimagined-gs
adidas Yeezy Slide Granite,https://stockx.com/adidas-yeezy-slide-granite
adidas Yeezy Foam RNR MX Cinder,https://stockx.com/adidas-yeezy-foam-rnnr-mx-brown-blue
Nike Kobe 5 X Ray GS,https://stockx.com/nike-kobe-5-x-ray-gs
UGG Disquette Slipper Chestnut Women s,https://stockx.com/ugg-disquette-slipper-chestnut-w
Jordan 14 Retro Black Toe 2024,https://stockx.com/air-jordan-14-retro-black-toe-2024
Jordan 4 Retro Fear 2024 GS,https://stockx.com/air-jordan-4-retro-fear-2024-gs
Jordan 1 Retro High OG Taxi,https://stockx.com/air-jordan-1-retro-high-og-yellow-toe
adidas Campus 00s Crystal White Core Black Women s,https://stockx.com/adidas-campus-00s-crystal-white-core-black
adidas Yeezy Boost 350 V2 MX Dark Salt,https://stockx.com/adidas-yeezy-boost-350-v2-mx-dark-salt
adidas Gazelle Indoor Bliss Pink Purple Women s,https://stockx.com/adidas-gazelle-indoor-bliss-pink-purple-womens
Birkenstock Boston Soft Footbed Suede Taupe,https://stockx.com/birkenstock-boston-soft-footbed-suede-taupe
Nike SB Dunk Low Electric Pack Olympic Safari,https://stockx.com/nike-sb-dunk-low-olympics-safari
Crocs Classic Clog Batmobile,https://stockx.com/crocs-classic-clog-batmobile
Nike Kobe 9 Elite Low Protro Halo,https://stockx.com/nike-kobe-9-elite-low-protro-halo
Jordan 1 Retro High OG Patent Bred,https://stockx.com/air-jordan-1-retro-high-og-patent-bred
UGG Tasman Slipper Sand Dark Cherry Women s,https://stockx.com/ugg-tasman-slipper-sand-dark-cherry-womens
Nike Kobe 6 Protro Reverse Grinch,https://stockx.com/nike-kobe-6-protro-reverse-grinch
ASICS GEL Kayano 14 Cream Sweet Pink,https://stockx.com/asics-gel-kayano-14-cream-sweet-pink
Jordan 3 Retro White Cement Reimagined,https://stockx.com/air-jordan-3-retro-white-cement-reimagined
Timberland 6 Boot Black Nubuck Premium,https://stockx.com/timberland-6-black-nubuck
adidas Yeezy Boost 350 V2 Beluga Reflective,https://stockx.com/adidas-yeezy-boost-350-v2-beluga-reflective
Nike Air VaporMax Plus Triple Black,https://stockx.com/nike-air-vapormax-plus-triple-black
Nike SB Dunk Low Pro Black Gum,https://stockx.com/nike-sb-dunk-low-pro-black-gum
Nike Dunk Low Retro White Black Panda GS,https://stockx.com/nike-dunk-low-retro-white-black-gs
Jordan 4 RM SP Nigel Sylvester Driveway Grey,https://stockx.com/air-jordan-4-rm-sp-nigel-sylvester-iron-grey
adidas Yeezy Foam RNR Carbon,https://stockx.com/adidas-yeezy-foam-rnr-carbon
UGG Lowmel Black Women s,https://stockx.com/ugg-lowmel-black-womens
adidas Samba OG Wonder White Maroon Women s,https://stockx.com/adidas-samba-og-wonder-white-maroon-womens
Nike Dunk Low Next Nature Baroque Brown,https://stockx.com/nike-dunk-low-next-nature-baroque-brown
Nike Kobe 8 Protro Wolf Grey,https://stockx.com/nike-kobe-8-protro-wolf-grey
Nike Zoom Vomero 5 Supersonic Light Bone Black,https://stockx.com/nike-vomero-5-supersonic
Jordan 1 Retro High OG Latte Women s,https://stockx.com/air-jordan-1-retro-high-og-latte-womens
Nike Dunk Low Retro SE Phantom Khaki,https://stockx.com/nike-dunk-low-se-phantom-khaki
Jordan 1 Retro High OG UNC Toe,https://stockx.com/air-jordan-1-high-og-unc-toe
UGG Lowmel Sand Kids,https://stockx.com/ugg-lowmel-sand-kids
Jordan 4 Retro Military Blue 2024 GS,https://stockx.com/air-jordan-4-retro-military-blue-2024-gs
Nike Blazer Mid 77 Vintage White Black,https://stockx.com/nike-blazer-mid-77-vintage-white-black
UGG Lowmel Chestnut Women s,https://stockx.com/ugg-lowmel-chestnut-womens
Nike Dunk Low Polar Blue,https://stockx.com/nike-dunk-low-polar-blue
Jordan 3 Retro Black Cat 2025,https://stockx.com/air-jordan-3-retro-black-cat-2025
Nike Dunk Low Retro University Blue,https://stockx.com/nike-dunk-low-retro-university-blue
ASICS Gel 1130 White Black,https://stockx.com/asics-gel-1130-white-black
adidas Samba OG Earth Strata Gum Women s,https://stockx.com/adidas-samba-og-earth-strata-gum-womens
New Balance 2002R Protection Pack Rain Cloud,https://stockx.com/new-balance-m2002-protection-pack-rain-cloud
ASICS Gel NYC Oyster Grey,https://stockx.com/asics-gel-nyc-oyster-grey
Nike Hot Step 2 Drake NOCTA Black,https://stockx.com/nike-hot-step-2-drake-nocta-black
Nike SB Dunk Low Pro White Gum,https://stockx.com/nike-sb-dunk-low-pro-white-gum
Rigorer AR1 Valentine s Day,https://stockx.com/rigorer-ar1-valentines-day
Jordan 4 Retro SB Pine Green,https://stockx.com/air-jordan-4-retro-sb-pine-green
Nike SB Dunk Low Verdy Visty,https://stockx.com/nike-sb-dunk-low-verdy-visty
Nike Ja 1 Mismatched,https://stockx.com/nike-ja-1-mismatched
Jordan 1 Retro High OG Midnight Navy,https://stockx.com/air-jordan-1-retro-high-og-midnight-navy
Nike Dunk Low Rose Whisper Women s,https://stockx.com/nike-dunk-low-rose-whisper-w
adidas Yeezy Boost 350 V2 Zebra,https://stockx.com/adidas-yeezy-boost-350-v2-white-core-black-red
adidas Yeezy Slide Flax,https://stockx.com/adidas-yeezy-slide-flax
Nike Zoom Vomero 5 Triple Black,https://stockx.com/nike-vomero-5-triple-black
adidas Gazelle Bold Pink Glow Women s,https://stockx.com/adidas-gazelle-bold-pink-glow-w
Nike Dunk Low Triple Pink GS,https://stockx.com/nike-dunk-low-triple-pink-gs
ASICS Gel Kayano 14 Black Pure Silver,https://stockx.com/asics-gel-kayano-14-black-pure-silver
adidas Samba Nylon Wales Bonner Wonder Clay Royal,https://stockx.com/adidas-samba-nylon-wales-bonner-wonder-clay-royal
Jordan 1 Retro High OG Dark Marina Blue,https://stockx.com/air-jordan-1-retro-high-og-dark-marina-blue
Nike Dunk Low Medium Curry,https://stockx.com/nike-dunk-low-medium-curry
Nike Air Tech Challenge II Hot Lava 2024,https://stockx.com/nike-air-tech-challenge-ii-hot-lava-2024
adidas Gazelle Indoor Better Scarlet,https://stockx.com/adidas-gazelle-indoor-better-scarlet
Vans Slip On Checkerboard,https://stockx.com/vans-slip-on-checkerboard-2019
Nike Air Foamposite One International Blue,https://stockx.com/nike-air-foamposite-one-royal-2024
Jordan 1 Retro Low OG Shadow 2024,https://stockx.com/air-jordan-1-low-og-shadow
Jordan 11 Retro Low Space Jam,https://stockx.com/air-jordan-11-retro-low-space-jam
UGG Lowmel Black Kids,https://stockx.com/ugg-lowmel-black-kids
Jordan 1 Mid Light Smoke Grey,https://stockx.com/air-jordan-1-mid-light-smoke-grey
Nike Air Max 95 Stash 2024,https://stockx.com/nike-air-max-95-stash-2024
Nike Kobe 4 Protro Girl Dad,https://stockx.com/nike-zoom-kobe-4-protro-girl-dad
Jordan 4 Retro Midnight Navy,https://stockx.com/air-jordan-4-retro-white-midnight-navy
adidas Yeezy 700 V3 Copper Fade,https://stockx.com/adidas-yeezy-700-v3-copper-fade
Jordan 1 Retro Low OG SP Travis Scott Medium Olive PS,https://stockx.com/air-jordan-1-retro-low-og-sp-travis-scott-medium-olive-ps
Nike Air Max Plus Triple Black,https://stockx.com/nike-air-max-plus-triple-black
Jordan 4 Retro Vivid Sulfur Women s,https://stockx.com/air-jordan-4-retro-vivid-sulfur-womens
Nike Dunk Low Championship Court Purple,https://stockx.com/nike-dunk-low-championship-court-purple
adidas AE 1 Ascent,https://stockx.com/adidas-ae-1-charcoal
Jordan 4 Retro Military Black,https://stockx.com/air-jordan-4-retro-military-black
Nike Kobe 8 Protro University Red,https://stockx.com/nike-kobe-8-protro-university-red
Jordan 3 Retro Green Glow,https://stockx.com/air-jordan-3-retro-green-glow
Maison Mihara Yasuhiro Hank OG Sole Canvas Low Black,https://stockx.com/mihara-yasuhiro-hank-og-sole-canvas-low-black
Nike Zoom Vomero 5 Platinum Tint,https://stockx.com/nike-zoom-vomero-5-platinum-tint
UGG Classic Ultra Mini Boot Chestnut Women s,https://stockx.com/ugg-classic-ultra-mini-chestnut-w
Jordan 1 Retro High OG Spider Man Across the Spider Verse,https://stockx.com/air-jordan-1-high-og-spider-man-across-the-spider-verse
adidas Yeezy Boost 350 V2 Static Non Reflective,https://stockx.com/adidas-yeezy-boost-350-v2-static
adidas Superstar KoRn 30th Anniversary,https://stockx.com/adidas-superstar-korn-30th-anniversary
Nike Kobe 9 Elite Protro Christmas 2024,https://stockx.com/nike-kobe-9-elite-protro-christmas-2024
Jordan 1 Retro Low OG Howard University,https://stockx.com/air-jordan-1-retro-low-og-howard-university
ASICS Gel 1130 Cream Clay Grey Women s,https://stockx.com/asics-gel-1130-cream-clay-grey-womens
Jordan 11 Retro Cherry 2022,https://stockx.com/air-jordan-11-retro-cherry-2022
ASICS Gel NYC Cream Mineral Beige Pink,https://stockx.com/asics-gel-nyc-cream-mineral-beige-pink
Nike Dunk Low Next Nature White Gym Red Women s,https://stockx.com/nike-dunk-low-next-nature-white-gym-red-w
adidas Yeezy Boost 350 V2 Granite,https://stockx.com/adidas-yeezy-boost-350-v2-granite
adidas Yeezy Slide Bone 2022 2023 Restock,https://stockx.com/adidas-yeezy-slide-bone-2022
Jordan 1 Retro Low OG Game Royal,https://stockx.com/air-jordan-1-retro-low-og-game-royal
Jordan 4 Retro SE Craft Photon Dust,https://stockx.com/air-jordan-4-retro-se-craft-photon-dust
adidas Handball Spezial Light Blue,https://stockx.com/adidas-handball-spezial-light-blue
adidas Handball Spezial Wonder White Black Women s,https://stockx.com/adidas-handball-spezial-wonder-white-black-womens
Jordan 1 Retro Low OG SP Travis Scott Olive Women s,https://stockx.com/air-jordan-1-retro-low-og-sp-travis-scott-olive-w
adidas Campus 00s Dark Green Cloud White,https://stockx.com/adidas-campus-00s-dark-green-cloud-white
Jordan 1 Retro Low OG SP Travis Scott Medium Olive TD,https://stockx.com/air-jordan-1-retro-low-og-sp-travis-scott-medium-olive-td
Nike Air Force 1 Low Drake NOCTA Certified Lover Boy,https://stockx.com/nike-air-force-1-low-drake-certified-lover-boy
New Balance 2002R Marblehead Light Aluminum,https://stockx.com/new-balance-2002r-marblehead-light-aluminum
Nike P 6000 Flat Pewter,https://stockx.com/nike-p-6000-flat-pewter
Nike SB Dunk Low Pro J Pack Chicago,https://stockx.com/nike-sb-dunk-low-j-pack-chicago
adidas Yeezy Boost 350 Pirate Black 2023,https://stockx.com/adidas-yeezy-boost-350-pirate-black-2022-2023
adidas Yeezy Boost 350 V2 Black Red,https://stockx.com/adidas-yeezy-boost-350-v2-core-black-red-2017
Maison Mihara Yasuhiro Peterson OG Sole Canvas Low Black,https://stockx.com/mihara-yasuhiro-peterson-og-sole-canvas-low-black
Nike Air Force 1 Low Flax Wheat,https://stockx.com/nike-air-force-1-low-flax-2019
Jordan 1 Retro High OG Green Glow,https://stockx.com/air-jordan-1-retro-high-og-green-glow
ASICS Gel 1130 White Midnight Women s,https://stockx.com/asics-gel-1130-white-midnight-w
UGG Classic Ultra Mini Platform Boot Chestnut Women s,https://stockx.com/ugg-classic-ultra-mini-platform-chestnut-w
adidas Samba Nylon Wales Bonner Desert White,https://stockx.com/adidas-samba-nylon-wales-bonner-desert-white
Jordan 11 Retro Cool Grey 2021,https://stockx.com/air-jordan-11-retro-cool-grey-2021
adidas Samba OG Wonder Quartz Women s,https://stockx.com/adidas-samba-og-wonder-quartz-womens
Nike Air Force 1 Low 07 White Women s,https://stockx.com/nike-air-force-1-low-white-2018-w
Nike Kobe 4 Protro Gold Medal 2024,https://stockx.com/nike-kobe-4-protro-gold-medal-2024
adidas AE 1 Georgia Bulldogs,https://stockx.com/adidas-ae-1-georgia-bulldogs
Jordan 3 Retro Black Cement 2024 GS,https://stockx.com/air-jordan-3-retro-black-cement-2024-gs
Nike Air Force 1 Low Lil Yachty Concrete Boys It s Us,https://stockx.com/nike-air-force-1-low-lil-yachty-concrete-boys-its-us
Nike Air Force 1 Low Supreme Baroque Brown,https://stockx.com/nike-air-force-1-low-supreme-baroque-brown
Nike SB Dunk Low Court Purple,https://stockx.com/nike-sb-dunk-low-court-purple
Jordan 6 Retro Reverse Oreo,https://stockx.com/air-jordan-6-retro-reverse-oreo
Nike Dunk High Panda Black White 2021 2024,https://stockx.com/nike-dunk-high-black-white-total-orange-2021
New Balance 1906R White Metallic Gold,https://stockx.com/new-balance-1906r-white-gold
Jordan 1 Low Bred Toe,https://stockx.com/air-jordan-1-low-bred-toe
adidas Samba OG Night Navy Gum,https://stockx.com/adidas-samba-og-night-navy-gum
Nike Dunk Low Valerian Blue,https://stockx.com/nike-dunk-low-valerian-blue
Jordan 1 Retro High OG Heritage,https://stockx.com/air-jordan-1-retro-high-og-heritage
Jordan 1 Low Panda 2023 Women s,https://stockx.com/air-jordan-1-low-panda-2023-womens
Jordan 1 Retro High OG University Blue,https://stockx.com/air-jordan-1-retro-high-white-university-blue-black
Jordan 1 Low UNC Women s,https://stockx.com/air-jordan-1-low-unc-w
Jordan 1 Retro High OG Satin Bred Women s,https://stockx.com/air-jordan-1-retro-high-og-satin-bred
Gucci Web Slide Pink Rubber Women s,https://stockx.com/gucci-web-slide-pink-rubber-w
Jordan 6 Retro Olympic 2024,https://stockx.com/air-jordan-6-retro-olympic-2024
Jordan 1 Retro Low OG Black Toe 2023,https://stockx.com/air-jordan-1-retro-low-og-black-toe
Nike Air Max 97 Triple White Wolf Grey,https://stockx.com/nike-air-max-97-white-wolf-grey
adidas Handball Spezial Night Indigo,https://stockx.com/adidas-handball-spezial-night-indigo
Nike Dunk Low Retro White Black Panda PS,https://stockx.com/nike-dunk-low-retro-white-black-ps
YZY Pods Black,https://stockx.com/yeezy-pod-black
Nike SB Dunk Low Pro Triple Black,https://stockx.com/nike-sb-dunk-low-pro-triple-black
Jordan 4 Retro Seafoam Women s,https://stockx.com/air-jordan-4-retro-oil-green-w
Nike Dunk Low Medium Olive Women s,https://stockx.com/nike-dunk-low-medium-olive-w
Nike Dunk Low QS CO JP What The 2024,https://stockx.com/nike-dunk-low-qs-cojp-what-the-2024
adidas Handball Spezial Clear Pink Arctic Night Women s,https://stockx.com/adidas-handball-spezial-clear-pink-arctic-night-womens
adidas Gazelle Bold True Pink Women s,https://stockx.com/adidas-gazelle-bold-true-pink-womens
Jordan 1 Retro Low 85 Neutral Grey,https://stockx.com/air-jordan-1-low-85-neutral-grey
adidas Gazelle Bold Magic Beige Collegiate Green Women s,https://stockx.com/adidas-gazelle-bold-magic-beige-collegiate-green-womens
Jordan 1 Retro High OG Brotherhood,https://stockx.com/air-jordan-1-retro-high-og-brotherhood
adidas Yeezy Boost 350 V2 Slate,https://stockx.com/adidas-yeezy-boost-350-v2-slate-core-black-slate
Nike SB Dunk Low There Skateboards,https://stockx.com/nike-sb-dunk-low-there-skateboards
Jordan 1 Retro High OG Lucky Green,https://stockx.com/air-jordan-1-retro-high-og-lucky-green
Nike SB Dunk Low Futura Laboratories Bleached Aqua,https://stockx.com/nike-sb-dunk-low-futura-laboratories-bleached-aqua
Nike Dunk Low Veneer 2020 2024,https://stockx.com/nike-dunk-low-veneer-2020
adidas Campus 00s Black White Gum Kids,https://stockx.com/adidas-campus-00s-black-white-gum-gs
Nike Vapor Edge Kobe 6 SE Grinch,https://stockx.com/nike-vapor-edge-kobe-6-se-grinch
Jordan 1 Retro Low OG Barons,https://stockx.com/air-jordan-1-retro-low-og-barons
New Balance 2002R Off White,https://stockx.com/new-balance-2002r-off-white
New Balance 2002R Protection Pack Phantom,https://stockx.com/new-balance-m2002-protection-pack-phantom
Jordan 1 Retro High Dark Mocha,https://stockx.com/air-jordan-1-retro-high-dark-mocha
ASICS Gel NYC Graphite Grey Black,https://stockx.com/asics-gel-nyc-graphite-grey-black
Nike Dunk Low Ceramic,https://stockx.com/nike-dunk-low-ceramic-2020
Nike Sabrina 2 Conductor Women s,https://stockx.com/nike-sabrina-2-orchestrator-womens
Jordan 1 Retro High OG Royal Reimagined,https://stockx.com/air-jordan-1-retro-high-og-royal-reimagined
adidas Campus Light Bad Bunny Chalky Brown,https://stockx.com/adidas-campus-light-bad-bunny-brown
Jordan 11 Retro Low Space Jam GS,https://stockx.com/air-jordan-11-retro-low-space-jam-gs
Jordan 14 Retro Black Toe 2024 GS,https://stockx.com/air-jordan-14-retro-black-toe-2024-gs
Jordan 4 Retro SP A Ma Maniére Violet Ore,https://stockx.com/air-jordan-4-retro-a-ma-maniere-violet-ore
Jordan 4 Retro SE Craft Medium Olive,https://stockx.com/air-jordan-4-retro-se-craft-medium-olive
Jordan 3 Retro J Balvin Rio,https://stockx.com/air-jordan-3-retro-j-balvin-rio
Jordan 11 Retro Legend Blue 2024 PS,https://stockx.com/air-jordan-11-retro-legend-blue-2024-ps
adidas Yeezy Boost 350 V2 Core Black Red,https://stockx.com/adidas-yeezy-boost-350-v2-core-black-red
Jordan 12 Retro Blueberry GS,https://stockx.com/air-jordan-12-retro-blueberry-gs
Jordan 1 Retro High OG Atmosphere Women s,https://stockx.com/air-jordan-1-retro-high-og-atmosphere-w
Nike Kobe 8 Protro Venice Beach 2024,https://stockx.com/nike-kobe-8-protro-venice-beach-2024
adidas Gazelle Indoor Sandy Pink Women s,https://stockx.com/adidas-gazelle-indoor-sandy-pink-womens
Jordan 3 Retro Fire Red 2022,https://stockx.com/air-jordan-3-retro-fire-red-2022
Nike Air Trainer Huarache Corteiz Gully Grey,https://stockx.com/nike-air-trainer-huarache-corteiz-flat-pewter
Nike Shox TL Black Max Orange Women s,https://stockx.com/nike-shox-tl-black-metallic-hematite-w
Nike Dunk Low Retro QS Halloween Skull,https://stockx.com/nike-dunk-low-qs-halloween-skull
Nike SB Dunk Low Premium City of Style,https://stockx.com/nike-sb-dunk-low-premium-pastoral-print
ASICS Gel 1130 Tuna Blue,https://stockx.com/asics-gel-1130-tuna-blue
Jordan 3 Retro SP Nina Chanel Abney Bicoastal Women s,https://stockx.com/air-jordan-3-retro-sp-nina-chanel-abney-bicoastal-womens
New Balance 9060 Fuchsia Pink,https://stockx.com/new-balance-9060-fuchsia-pink
Nike SB Dunk Low City of Love Light Bone,https://stockx.com/nike-sb-dunk-low-city-of-love-light-bone
UGG Tazz Slipper Mustard Seed Women s,https://stockx.com/ugg-tazz-slipper-mustard-seed-womens
Jordan 5 Retro Reverse Metallic,https://stockx.com/air-jordan-5-retro-reverse-metallic
adidas Yeezy Boost 350 V2 Zyon,https://stockx.com/adidas-yeezy-boost-350-v2-zyon
UGG Tazz Slipper Hickory Women s,https://stockx.com/ugg-tazz-slipper-hickory-womens
adidas Yeezy Boost 350 V2 Dazzling Blue,https://stockx.com/adidas-yeezy-boost-350-v2-dazzling-blue
Nike SB Dunk Low Hyper Royal Malachite,https://stockx.com/nike-sb-dunk-low-hyper-royal-malachite
New Balance 1906R Silver Metallic Blue Agate,https://stockx.com/new-balance-1906r-silver-metallic-blue-agate
adidas Yeezy Desert Boot Salt,https://stockx.com/adidas-yeezy-desert-boot-salt
Nike Zoom Vomero 5 Photon Dust Pink Foam Women s,https://stockx.com/nike-zoom-vomero-5-photon-dust-pink-foam-womens
Jordan 3 Retro Craft Ivory,https://stockx.com/air-jordan-3-retro-craft-ivory
Jordan 4 Retro Red Cement GS,https://stockx.com/air-jordan-4-retro-red-cement-gs
Nike Ja 2 Nightmare,https://stockx.com/nike-ja-2-nightmare
adidas Samba OG Cream White Preloved Brown,https://stockx.com/adidas-samba-og-cream-white-preloved-brown
Nike P 6000 Anthracite Smoke Grey,https://stockx.com/nike-p-6000-anthracite-smoke-grey
Nike P 6000 Premium Triple Black,https://stockx.com/nike-p-6000-premium-triple-black
ASICS Gel Kayano 14 Cream Metallic Blue,https://stockx.com/asics-gel-kayano-14-cream-metallic-blue
Nike Dunk Low Team Gold,https://stockx.com/nike-dunk-low-team-gold
Jordan 1 Low Wolf Grey Midnight Navy,https://stockx.com/air-jordan-1-low-wolf-grey-midnight-navy
ASICS Gel Kayano 14 Metropolis Jasper Green,https://stockx.com/asics-gel-kayano-14-metropolis-jasper-green
Jordan 1 Retro Low OG SP Travis Scott Black Phantom,https://stockx.com/air-jordan-1-retro-low-og-sp-travis-scott-black-phantom
adidas Yeezy 500 Utility Black,https://stockx.com/adidas-yeezy-500-utility-black
Jordan 1 Retro High OG Bordeaux,https://stockx.com/air-jordan-1-retro-high-bordeaux
Jordan 1 Retro High OG Yellow Ochre,https://stockx.com/air-jordan-1-retro-high-og-yellow-ochre
Nike Air VaporMax Plus White,https://stockx.com/nike-air-vapormax-plus-white
Nike Air Force 1 Mid SP Off White Varsity Maize,https://stockx.com/nike-air-force-1-mid-sp-off-white-varsity-maize
New Balance 550 White Green,https://stockx.com/new-balance-550-white-green
New Balance 550 White Black,https://stockx.com/new-balance-550-white-black
Nike Dunk Low UNC GS,https://stockx.com/nike-dunk-low-unc-2021-gs
Nike SB Dunk Low Pro Triple White,https://stockx.com/nike-sb-dunk-low-pro-triple-white
Puma Speedcat OG Black White,https://stockx.com/puma-speedcat-og-black-white
Nike Dunk Low Sail Plum Eclipse Women s,https://stockx.com/nike-dunk-low-diffused-taupe-womens
Jordan 1 Retro High OG Black Metallic Gold,https://stockx.com/air-jordan-1-retro-high-og-black-metallic-gold
Jordan 1 Retro High Pollen,https://stockx.com/air-jordan-1-retro-high-pollen
Nike SB Dunk Low Trocadéro Gardens,https://stockx.com/nike-sb-dunk-low-trocadero-gardens
Nike Zoom Vomero 5 Chrome,https://stockx.com/nike-zoom-vomero-5-chrome
UGG Tasman Slipper Driftwood White Pepper Women s,https://stockx.com/ugg-tasman-slipper-driftwood-white-pepper-womens
adidas AE 1 Low Mural,https://stockx.com/adidas-ae-1-low-mural
Jordan 1 Retro Low OG Year of the Dragon 2024,https://stockx.com/air-jordan-1-retro-low-og-year-of-the-dragon-2024
Nike Dunk Low SP St John s,https://stockx.com/nike-dunk-low-st-johns-2020
Nike P 6000 Light Iron Ore,https://stockx.com/nike-p-6000-light-iron-ore
adidas Gazelle Indoor Earth Strata Magic Beige,https://stockx.com/adidas-gazelle-indoor-earth-strata-magic-beige
adidas AE 1 Low Ascent Pack MX Grey,https://stockx.com/adidas-ae-1-low-mx-grey
UGG Tasman II Slipper Black Kids,https://stockx.com/ugg-tasman-ii-slipper-black-kids
adidas Handball Spezial Cream White Beige Women s,https://stockx.com/adidas-handball-spezial-cream-white-beige-womens
Nike Air DT Max 96 Falcons,https://stockx.com/nike-air-dt-max-96-falcons
Nike SB Dunk Low Rayssa Leal,https://stockx.com/nike-sb-dunk-low-rayssa-leal
adidas Samba XLG White Black Gum,https://stockx.com/adidas-samba-xlg-white-black-gum
adidas Ultra Boost 1 0 DNA Triple White,https://stockx.com/adidas-ultra-boost-10-dna-triple-white
Nike P 6000 Obsidian Summit White,https://stockx.com/nike-p-6000-obsidian-summit-white
Puma Speedcat OG Red White,https://stockx.com/puma-speedcat-og-red-white
Nike Dunk Low Next Nature Summit White Baroque Brown,https://stockx.com/nike-dunk-low-next-nature-summit-white-baroque-brown
Jordan 1 Low Paris,https://stockx.com/air-jordan-1-low-paris
ASICS Gel 1130 White Carrier Grey Lilac Women s,https://stockx.com/asics-gel-1130-white-carrier-grey-lilac-womens
Nike Air Monarch IV White Navy,https://stockx.com/nike-air-monarch-iv-white-navy
adidas Response CL Bad Bunny Paso Fino,https://stockx.com/adidas-response-cl-bad-bunny-paso-fino
Jordan 4 Retro Lightning 2021,https://stockx.com/air-jordan-4-retro-lightning-2021
Jordan 12 Retro Taxi Flip,https://stockx.com/air-jordan-12-retro-red-taxi
Jordan 1 Retro Low OG University Red,https://stockx.com/air-jordan-1-retro-low-og-university-red
Jordan Jumpman Jack TR Travis Scott Sail,https://stockx.com/air-jordan-cut-the-check-tr-travis-scott-sail
adidas AE 1 Preloved Purple,https://stockx.com/adidas-ae-1-preloved-purple
Nike Dunk Low Glacier Blue,https://stockx.com/nike-dunk-low-glacier-blue
Jordan 1 Retro High OG SP Union LA Bephies Beauty Supply Summer of 96,https://stockx.com/air-jordan-1-retro-high-og-sp-union-bephies-beauty-supply-woven-sail
Nike Book 1 Halloween,https://stockx.com/nike-book-1-halloween
Nike SB Dunk Low Big Money Savings,https://stockx.com/nike-sb-dunk-low-big-money-savings
Jordan 1 Retro High OG A Ma Maniére,https://stockx.com/air-jordan-1-retro-high-og-a-ma-maniere
adidas Yeezy Boost 700 Wave Runner,https://stockx.com/adidas-yeezy-wave-runner-700-solid-grey
Nike Air Force 1 Low Retro QS Halloween Skull,https://stockx.com/nike-air-force-1-low-retro-qs-halloween-skull
Nike KD 4 Christmas 2024,https://stockx.com/nike-kd-4-christmas-2024
Puma Suede One Piece Straw Hat Luffy,https://stockx.com/puma-suede-one-piece-white
Nike Dunk Low Neapolitan Women s,https://stockx.com/nike-dunk-low-neapolitan-womens
adidas Yeezy Boost 380 Onyx,https://stockx.com/adidas-yeezy-boost-380-onyx
Jordan 1 Retro High OG Artisanal Team Red,https://stockx.com/air-jordan-1-retro-high-og-team-red
New Balance 530 White Silver Metallic,https://stockx.com/new-balance-530-white-silver-metallic
Jordan 1 Retro High OG Black Toe Reimagined,https://stockx.com/air-jordan-1-retro-high-og-black-toe-reimagined
Jordan 4 Retro Oxidized Green GS,https://stockx.com/air-jordan-4-retro-oxidized-green-gs
adidas Gazelle Bold Grey White Women s,https://stockx.com/adidas-gazelle-bold-grey-white-w
New Balance 9060 Sea Salt White,https://stockx.com/new-balance-9060-sea-salt-white
adidas Handball Spezial Black Gum,https://stockx.com/adidas-handball-spezial-black-gum
Jordan 4 RM Black Cat,https://stockx.com/air-jordan-4-rm-black-cat
ASICS Gel 1130 White Neutral Pink Women s,https://stockx.com/asics-gel-1130-white-neutral-pink-womens
adidas Campus 00s Semi Lucid Blue Cloud White,https://stockx.com/adidas-campus-00s-semi-lucid-blue-cloud-white
Jordan 1 Mid Bred Shadow,https://stockx.com/air-jordan-1-mid-bred-shadow
Nike Dunk Low Miami Dolphins,https://stockx.com/nike-dunk-low-miami-dolphins
Nike Dunk Low Clear Jade,https://stockx.com/nike-dunk-low-clear-jade
Jordan 1 Retro High OG Denim,https://stockx.com/air-jordan-1-retro-high-og-denim
adidas Yeezy Slide Resin 2022 2024,https://stockx.com/adidas-yeezy-slide-resin-2022
Jordan 11 Retro Low Legend Pink Women s,https://stockx.com/air-jordan-11-retro-low-legend-pink-womens
adidas Yeezy Boost 700 MNVN Honey Flux,https://stockx.com/adidas-yeezy-boost-700-mnvn-honey-flux
adidas Yeezy Boost 350 V2 Light,https://stockx.com/adidas-yeezy-boost-350-v2-light
Nike Zoom Vomero 5 Designed by Japan Women s,https://stockx.com/nike-zoom-vomero-5-design-by-japan-womens
Nike Dunk Low Retro SE Medium Soft Pink Malachite,https://stockx.com/nike-dunk-low-retro-se-medium-soft-pink-malachite
adidas Samba OG Black Wonder White Women s,https://stockx.com/adidas-samba-og-black-wonder-white-womens
Nike Air Max 1 86 OG Big Bubble Air Max Day 2024,https://stockx.com/nike-air-max-1-86-og-big-bubble-air-max-day-2024
Nike Air Max 90 Reverse Duck Camo,https://stockx.com/nike-air-max-90-reverse-duck-camo-2020
adidas Handball Spezial Collegiate Green Semi Green Spark Women s,https://stockx.com/adidas-handball-spezial-collegiate-green-semi-green-spark-womens
Jordan 6 Retro Carmine 2021,https://stockx.com/air-jordan-6-retro-carmine-2020
Jordan 1 Low Industrial Blue,https://stockx.com/air-jordan-1-low-industrial-blue
Jordan 6 Retro UNC White,https://stockx.com/air-jordan-6-retro-unc-white
New Balance 530 Salehe Bembury Prosperity Be The Prize,https://stockx.com/new-balance-530-salehe-bembury-prosperity-be-the-prize
Jordan 3 Retro Fear Pack 2023,https://stockx.com/air-jordan-3-retro-fear-2023
Jordan 1 Retro High Shadow 2 0,https://stockx.com/air-jordan-1-retro-high-black-white-light-smoke-grey
adidas Yeezy Boost 350 V2 MX Rock,https://stockx.com/adidas-yeezy-boost-350-v2-mx-rock
Nike Air Force 1 Low 07 White Swoosh Panda,https://stockx.com/nike-air-force-1-07-low-white-swoosh-panda
Nike Dunk Low USC,https://stockx.com/nike-dunk-low-usc
Jordan Super Play Slide J Balvin,https://stockx.com/air-jordan-super-play-slide-j-balvin
Crocs Classic Clog Naruto Itachi,https://stockx.com/crocs-itachi-classic-clog-blue-red
Nike SB Dunk Low Escargot,https://stockx.com/nike-sb-dunk-low-escargot
adidas Handball Spezial Core Black Clear Pink Gum Women s,https://stockx.com/adidas-handball-spezial-core-black-clear-pink-gum-womens
Nike Dunk Low Team Red,https://stockx.com/nike-dunk-low-team-red
Jordan 4 Retro SE Black Canvas,https://stockx.com/air-jordan-4-retro-se-black-canvas
Nike KD 4 NERF 2024,https://stockx.com/nike-kd-4-nerf-2024
Nike Kobe 4 Protro Gift of Mamba,https://stockx.com/nike-kobe-4-protro-gift-of-mamba
Nike Dunk Low Vintage Panda Women s,https://stockx.com/nike-dunk-low-vintage-panda-womens
New Balance 1906R Silver Classic Crimson,https://stockx.com/new-balance-1906r-silver-classic-crimson
Jordan 12 Retro Playoffs 2022,https://stockx.com/air-jordan-12-retro-playoffs-2022
Jordan 11 Retro Neapolitan Women s,https://stockx.com/air-jordan-11-retro-neapolitan-womens
Jordan 1 Retro Low OG Black Dark Powder Blue,https://stockx.com/air-jordan-1-retro-low-og-unc
adidas SL 72 RS Bob Marley One Love,https://stockx.com/adidas-sl-72-rs-bob-marley-one-love
Nike Air Foamposite One Copper 2024,https://stockx.com/nike-air-foamposite-one-copper-2024
adidas Yeezy Boost 380 Covellite,https://stockx.com/adidas-yeezy-boost-380-covellite
Nike SB Dunk Low Alexis Sablone Chameleon,https://stockx.com/nike-sb-dunk-low-alexis-sablone-chameleon
ASICS GT 2160 JJJJound White,https://stockx.com/asics-gt-2160-jjjjound-white
New Balance 530 Silver Cream,https://stockx.com/new-balance-530-silver-cream
adidas Sambae Hello Kitty Women s,https://stockx.com/adidas-sambae-hello-kitty-womens
Jordan 1 Low SE Legend Light Brown,https://stockx.com/air-jordan-1-low-se-legend-light-brown
adidas Samba Wales Bonner Navy Croc,https://stockx.com/adidas-samba-wales-bonner-navy-croc
Nike P 6000 Summit White Pure Platinum Women s,https://stockx.com/nike-p-6000-summit-white-pure-platinum-womens
Nike Air Force 3 Low SP Nigo White,https://stockx.com/nike-air-force-3-low-sp-nigo-white-multi-color
Nike Dunk Low Smoke Grey Gum 3M Swoosh,https://stockx.com/nike-dunk-low-smoke-grey-gum-3m-swoosh
Nike Air Force 1 Low Linen 2016 2024,https://stockx.com/nike-air-force-1-low-linen-2016-2024
Jordan 4 Retro White Thunder PS,https://stockx.com/air-jordan-4-retro-white-thunder-ps
Nike Kobe 8 Protro College Navy,https://stockx.com/nike-kobe-8-protro-college-navy
Jordan 1 Retro Low OG SP Travis Scott Reverse Mocha,https://stockx.com/air-jordan-1-retro-low-og-sp-travis-scott-reverse-mocha
adidas Gazelle Indoor Bad Bunny Lionel Messi La Voz De Los Fans,https://stockx.com/adidas-gazelle-indoor-bad-bunny-lionel-messi-la-voz-de-los-fans
Jordan 1 Mid Panda Women s,https://stockx.com/air-jordan-1-mid-panda-womens
New Balance 9060 Mushroom Timberwolf,https://stockx.com/new-balance-9060-mushroom
Nike Dunk Low SE LA,https://stockx.com/nike-dunk-low-se-la
Jordan 1 Retro High Court Purple White,https://stockx.com/air-jordan-1-retro-high-court-purple-white
ASICS GEL Kayano 14 Tai Chi Yellow,https://stockx.com/asics-gel-kayano-14-tai-chi-yellow
Jordan 1 Retro High OG Hyper Royal,https://stockx.com/air-jordan-1-retro-high-hyper-royal-smoke-grey
Jordan 11 Retro Low Diffused Blue GS,https://stockx.com/air-jordan-11-retro-low-diffused-blue-gs
Jordan 1 Retro High OG Bleached Coral,https://stockx.com/air-jordan-1-retro-high-og-stage-haze
adidas Samba OG Brown Putty Grey,https://stockx.com/adidas-samba-og-brown-putty-grey
Jordan 1 Mid Diamond Shorts,https://stockx.com/air-jordan-1-mid-diamond-shorts
Nike Dunk Low Pink Foam Women s,https://stockx.com/nike-dunk-low-pink-foam-womens
Jordan 12 Retro Barons GS,https://stockx.com/air-jordan-12-retro-barons-2024-gs
Jordan 1 Retro High OG Washed Pink Women s,https://stockx.com/air-jordan-1-retro-high-og-atmosphere-pink-w
Jordan 11 Retro Playoffs Bred 2019,https://stockx.com/air-jordan-11-retro-playoffs-2019
adidas Yeezy Slide Glow Green 2022 2023 Restock,https://stockx.com/adidas-yeezy-slide-glow-green-2022
adidas Samba OG White Halo Blue Gum Women s,https://stockx.com/adidas-samba-og-white-halo-blue-gum-womens
Jordan 11 Retro Jubilee 25th Anniversary,https://stockx.com/air-jordan-11-retro-black-clear
Nike Sabrina 2 White Noise Women s,https://stockx.com/nike-sabrina-2-white-noise-womens
Jordan 1 Retro High OG Craft Vibrations Of Naija,https://stockx.com/air-jordan-1-retro-high-og-craft-vibrations-of-naija
adidas Superstar Core Black Cloud White Gold,https://stockx.com/adidas-superstar-core-black-cloud-white-gold
Jordan Jumpman Jack TR Travis Scott University Red,https://stockx.com/air-jordan-jumpman-jack-tr-travis-scott-university-red
Jordan 1 Retro High OG Palomino,https://stockx.com/air-jordan-1-retro-high-og-palomino
Nike Dunk High Panda 2021 Women s,https://stockx.com/nike-dunk-high-panda-2021-w
adidas Samba Wales Bonner Brown Croc,https://stockx.com/adidas-samba-wales-bonner-brown-croc
Jordan 5 Retro Olive 2024,https://stockx.com/air-jordan-5-retro-olive-2024
adidas Yeezy 450 Utility Black,https://stockx.com/adidas-yeezy-450-utility-black
Nike Dunk Low PRM Vintage Navy Women s,https://stockx.com/nike-dunk-low-vintage-navy-womens
Jordan 1 Retro High OG Hand Crafted,https://stockx.com/air-jordan-1-retro-high-og-hand-crafted
New Balance 2002R Steel Grey Orca,https://stockx.com/new-balance-2002r-light-grey-white
Nike Zoom Vomero 5 Metallic Silver Blue Tint Women s,https://stockx.com/nike-zoom-vomero-5-metallic-silver-blue-tint-womens
Jordan 11 Retro Legend Blue 2024 TD,https://stockx.com/air-jordan-11-retro-legend-blue-2024-td
Nike Kobe 8 Protro Court Purple,https://stockx.com/nike-kobe-8-protro-court-purple
Jordan Jumpman Jack TR Travis Scott Dark Mocha PS,https://stockx.com/air-jordan-jumpman-jack-tr-travis-scott-dark-mocha-ps
Nike Dunk Low Racer Blue White,https://stockx.com/nike-dunk-low-racer-blue-white
Jordan 1 Retro High White Black Volt University Gold,https://stockx.com/air-jordan-1-retro-high-white-black-volt-university-gold
Nike Dunk Low Two Toned Grey GS,https://stockx.com/nike-dunk-low-two-toned-grey-gs
Nike SB Dunk Low City of Love Burgundy Crush,https://stockx.com/nike-sb-dunk-low-city-of-love-burgundy-crush
Nike Kobe 9 Elite Protro Halo,https://stockx.com/nike-kobe-9-elite-protro-halo
New Balance 550 White Grey,https://stockx.com/new-balance-550-white-grey
Jordan 4 Retro SE Paris Olympics Wet Cement GS,https://stockx.com/air-jordan-4-retro-se-paris-olympics-gs
Jordan 1 Retro High OG Reverse Laney Women s,https://stockx.com/air-jordan-1-retro-high-og-reverse-laney-w
Nike SB Dunk Low Classic Green,https://stockx.com/nike-sb-dunk-low-classic-green
Nike Dunk Low Chicago Split,https://stockx.com/nike-dunk-low-chicago-split
Jordan 1 Low Bred Toe 2 0,https://stockx.com/air-jordan-1-low-bred-toe-20
Nike Air Force 1 Low LE Triple White GS,https://stockx.com/nike-air-force-1-low-le-triple-white-gs
Nike Air Force 1 Low 07 White Travis Scott Cactus Jack Utopia Edition,https://stockx.com/nike-air-force-1-low-07-white-travis-scott-cactus-jack-utopia-edition
Nike Dunk Low Neapolitan,https://stockx.com/nike-dunk-low-neapolitan
Converse Chuck Taylor All Star 70 Hi Comme des Garcons PLAY Black,https://stockx.com/converse-chuck-taylor-all-star-70s-hi-comme-des-garcons-play-black
Jordan 1 Retro Low OG Trophy Room Rookie Card Away,https://stockx.com/air-jordan-1-retro-low-og-trophy-room-away
Nike Air Max AP White Bright Crimson Black,https://stockx.com/nike-air-max-ap-white-bright-crimson-black
Jordan 1 Retro High OG Chicago Lost and Found GS,https://stockx.com/air-jordan-1-retro-high-og-chicago-reimagined-lost-and-found-gs
Jordan 4 Retro Red Thunder,https://stockx.com/air-jordan-4-retro-red-thunder
adidas Samba OG Footwear White Green,https://stockx.com/adidas-samba-og-footwear-white-green
Onitsuka Tiger Mexico 66 Kill Bill,https://stockx.com/onitsuka-tiger-mexico-66-kill-bill-2022
Nike Dunk Low Knicks,https://stockx.com/nike-dunk-low-knicks
Nike Dunk Low PRM Vintage Team Red Women s,https://stockx.com/nike-dunk-low-prm-team-red-w
New Balance 9060 Shadow Grey Castlerock,https://stockx.com/new-balance-9060-shadow-grey-castlerock
adidas Yeezy 450 Stone Grey,https://stockx.com/adidas-yeezy-450-stone-grey
UGG Lowmel Chestnut Kids,https://stockx.com/ugg-lowmel-chestnut-kids
Jordan 4 Retro Thunder 2023 GS,https://stockx.com/air-jordan-4-retro-thunder-2023-gs
Jordan 4 Retro Infrared,https://stockx.com/air-jordan-4-retro-infrared
Jordan 1 Mid SE Neutral Grey Sail,https://stockx.com/air-jordan-1-mid-se-neutral-grey-sail
Nike Air Foamposite One Tekken 8 Jin Kazama,https://stockx.com/nike-air-foamposite-one-tekken-8-jin-kazama
Converse Chuck Taylor All Star 70 Hi Black,https://stockx.com/converse-chuck-taylor-all-star-70s-hi-black
adidas Yeezy Boost 350 V2 Blue Tint,https://stockx.com/adidas-yeezy-boost-350-v2-blue-tint
Nike Air Max Plus White,https://stockx.com/nike-air-max-plus-white
adidas Samba OG Maroon Gold Metallic Women s,https://stockx.com/adidas-samba-og-maroon-gold-metallic
adidas Yeezy Boost 350 V2 Carbon,https://stockx.com/adidas-yeezy-boost-350-v2-carbon
adidas Yeezy 450 Stone Teal,https://stockx.com/adidas-yeezy-450-stone-teal
New Balance 740v2 Aminé Benson Tech,https://stockx.com/new-balance-740v2-amine-benson-tech
Jordan 1 Retro High OG Light Fusion Red,https://stockx.com/air-jordan-1-retro-high-og-light-fusion-red
Jordan 5 Retro A Ma Maniére Dawn Women s,https://stockx.com/air-jordan-5-retro-a-ma-maniere-diffused-blue-womens
Nike Dunk Low Retro QS Argon 2022,https://stockx.com/nike-dunk-low-retro-qs-flash-white-argon-blue-flash
adidas Samba OG Maroon Crystal Sand Women s,https://stockx.com/adidas-samba-og-maroon-crystal-sand-womens
Jordan 1 Retro High OG True Blue,https://stockx.com/air-jordan-1-retro-high-og-true-blue
Jordan 1 Retro High Royal Toe,https://stockx.com/air-jordan-1-retro-high-black-game-royal
adidas Samba Inter Miami CF Messi Pink,https://stockx.com/adidas-samba-inter-miami-cf-messi-pink
Jordan 4 Retro Canyon Purple Women s,https://stockx.com/air-jordan-4-retro-canyon-purple-w
ASICS GT 2160 White Shamrock Green,https://stockx.com/asics-gt-2160-white-shamrock-green
adidas Samba OG White Burgundy Gum,https://stockx.com/adidas-samba-og-white-burgundy-gum
adidas Harden Vol 8 Feather Grey,https://stockx.com/adidas-harden-vol-8-feather-grey
Vans Old Skool Triple Black,https://stockx.com/vans-old-skool-triple-black
Jordan 1 Retro High OG Mauve,https://stockx.com/air-jordan-1-retro-high-og-sky-j-mauve
Nike Zoom Vomero 5 Cool Grey,https://stockx.com/nike-zoom-vomero-5-cool-grey
Nike SB Dunk High Antihero Skateboards,https://stockx.com/nike-sb-dunk-high-antihero-skateboards
UGG Tazz Slipper Chestnut Kids,https://stockx.com/ugg-tazz-slipper-chestnut-kids
New Balance 9060 Olivine,https://stockx.com/new-balance-9060-olivine
Nike Shox TL White Metallic Silver Max Orange Women s,https://stockx.com/nike-shox-tl-white-metallic-silver-w
Nike SB Dunk Low Concepts Orange Lobster,https://stockx.com/nike-sb-dunk-low-concepts-orange-lobster
Nike Air Force 1 Low Drake NOCTA Certified Lover Boy Palest Purple,https://stockx.com/nike-air-force-1-low-drake-nocta-certified-lover-boy-palest-purple
UGG Classic Mini II Boot Chestnut Women s,https://stockx.com/ugg-classic-mini-ii-boot-chestnut-w
New Balance 1906R Action Bronson Medusa Azul,https://stockx.com/new-balance-1906r-action-bronson-medusa-azul
Nike Victori One Slide Black White,https://stockx.com/nike-victori-one-slide-black-white
Jordan 1 Retro High OG Metallic Gold Women s,https://stockx.com/air-jordan-1-retro-high-og-metallic-gold-womens
Nike Dunk Low Championship Red,https://stockx.com/nike-dunk-low-university-red-2021
Nike Kobe 8 Protro Halo,https://stockx.com/nike-kobe-8-protro-triple-white
Nike Ja 2 Stargazer,https://stockx.com/nike-ja-2-stargazer
New Balance 9060 Triple Black,https://stockx.com/new-balance-9060-triple-black
Nike Ja 2 Tree Topper,https://stockx.com/nike-ja-2-tree-topper
adidas Gazelle Indoor Hello Kitty Women s,https://stockx.com/adidas-gazelle-indoor-hello-kitty-womens
adidas Yeezy Boost 350 V2 Salt,https://stockx.com/adidas-yeezy-boost-350-v2-salt
Nike P 6000 White Sail Vast Grey,https://stockx.com/nike-p-6000-white-sail-vast-grey
Jordan 1 Low Football Grey Aluminum Women s,https://stockx.com/air-jordan-1-low-university-blue-w
Nike Air Max 2017 Triple Black,https://stockx.com/nike-air-max-2017-triple-black
Jordan 1 Retro High OG White Cement,https://stockx.com/air-jordan-1-retro-high-og-white-cement
adidas Handball Spezial Bright Red Clear Pink Women s,https://stockx.com/adidas-handball-spezial-bright-red-clear-pink-womens
Jordan 1 Retro Low OG Mocha GS,https://stockx.com/air-jordan-1-retro-low-og-mocha-gs
Jordan 3 Retro Wizards,https://stockx.com/air-jordan-3-retro-wizards
Jordan 1 Retro High 85 OG Metallic Burgundy,https://stockx.com/air-jordan-1-retro-high-85-og-metallic-burgundy
adidas Yeezy Boost 350 V2 Ash Pearl,https://stockx.com/adidas-yeezy-boost-350-v2-ash-pearl-2021
adidas NMD R1 Primeblue Triple Black,https://stockx.com/adidas-nmd-r1-primeblue-triple-black
Jordan 12 Retro Cherry 2023,https://stockx.com/air-jordan-12-retro-cherry-2023
Jordan 11 Retro Low 72 10,https://stockx.com/air-jordan-11-retro-low-72-10
Gucci Chevron Thong Sandal Pink Rubber,https://stockx.com/gucci-chevron-thong-sandal-pink-rubber-w
adidas Manchester SPZL C P Company Light Blue,https://stockx.com/adidas-manchester-spzl-cp-company-light-blue
Nike Air Foamposite One Light Orewood Brown,https://stockx.com/nike-air-foamposite-one-team-gold
adidas Yeezy 500 Stone Salt,https://stockx.com/adidas-yeezy-500-stone-salt
Nike SB Dunk Low Light Carbon Monarch,https://stockx.com/nike-sb-dunk-low-light-carbon-monarch
New Balance 9060 Granite Pink,https://stockx.com/new-balance-9060-granite-pink
Jordan 4 Retro Frozen Moments Women s,https://stockx.com/air-jordan-4-retro-frozen-moments-womens
Jordan 1 Mid Light Smoke Grey Anthracite,https://stockx.com/air-jordan-1-mid-light-smoke-grey-anthracite
Nike Air Humara QS Black Metallic Silver,https://stockx.com/nike-air-humara-qs-black-metallic-silver
Nike Dunk Low Plum 2020 2024,https://stockx.com/nike-dunk-low-plum-2020
Jordan 1 Retro High 85 Black White 2023,https://stockx.com/air-jordan-1-retro-high-85-black-white-2023
Nike SB Dunk Low Burnt Sunrise,https://stockx.com/nike-sb-dunk-low-burnt-sunrise
Jordan 12 Retro Phantom Women s,https://stockx.com/air-jordan-12-retro-phantom-womens
adidas Yeezy 700 V3 Azael,https://stockx.com/adidas-yeezy-boost-700-v3-azael
Jordan 3 Retro Georgia Peach Women s,https://stockx.com/air-jordan-3-retro-georgia-peach-womens
Nike Sabrina 2 Tunnel Vision Women s,https://stockx.com/nike-sabrina-2-tunnel-vision-womens
Nike Book 1 Sunset,https://stockx.com/nike-book-1-sunset
Nike Dunk Low Arizona State,https://stockx.com/nike-dunk-low-arizona-state
Nike Zoom Vomero 5 SP Vast Grey,https://stockx.com/nike-zoom-vomero-5-sp-vast-grey
Nike Hot Step 2 Drake NOCTA Mint Foam,https://stockx.com/nike-hot-step-2-drake-nocta-mint-foam
adidas Yeezy Desert Boot Oil,https://stockx.com/adidas-yeezy-desert-boot-oil
Jordan 4 Retro Fire Red 2020,https://stockx.com/air-jordan-4-retro-fire-red-2020
Jordan 1 Retro High OG Rebellionaire,https://stockx.com/air-jordan-1-retro-high-og-rebellionaire
Timberland 6 Basic Boot Wheat,https://stockx.com/timberland-6-basic-wheat
New Balance 327 Moonbeam Classic Burgundy Women s,https://stockx.com/new-balance-327-moonbeam-classic-burgundy-w
Jordan Spizike Low Black Cat,https://stockx.com/air-jordan-spizike-low-black-cat
adidas Samba Millennium Wales Bonner Silver Metallic Yellow Croc,https://stockx.com/adidas-samba-millennium-wales-bonner-silver-metallic-yellow-croc
Nike Dunk Low Retro PRM Valentine s Day 2023,https://stockx.com/nike-dunk-low-valentines-day-2023
Jordan 5 Retro DJ Khaled We The Best Crimson Bliss,https://stockx.com/air-jordan-5-retro-dj-khaled-we-the-best-crimson-bliss
Nike Air DT Max 96 Colorado Away White Black,https://stockx.com/nike-air-dt-max-96-colorado-away-white-black
New Balance 530 Ivory,https://stockx.com/new-balance-530-ivory
Jordan 4 Retro White Thunder TD,https://stockx.com/air-jordan-4-retro-white-thunder-td
Nike Air Max 90 Leather Triple White,https://stockx.com/nike-air-max-90-leather-triple-white-2020
Nike Zoom Vomero 5 SE SP Dark Grey Black White,https://stockx.com/nike-zoom-vomero-5-dark-grey-black-white
Nike Dunk Low QS CO JP Reverse Curry 2024,https://stockx.com/nike-dunk-low-qs-cojp-reverse-curry-2024
adidas Response CL Bad Bunny Triple Black,https://stockx.com/adidas-response-cl-bad-bunny-triple-black
Nike Dunk Low Brazil 2020 2024,https://stockx.com/nike-dunk-low-brazil-2020
Jordan 5 Retro SE Sail,https://stockx.com/air-jordan-5-retro-se-sail
adidas Samba OG Collegiate Green,https://stockx.com/adidas-samba-og-collegiate-green
New Balance 530 Raincloud,https://stockx.com/new-balance-530-raincloud
Jordan 11 Retro DMP Gratitude 2023 GS,https://stockx.com/air-jordan-11-retro-dmp-defining-moments-2023-gs
adidas Bermuda Glow Pink,https://stockx.com/adidas-bermuda-glow-pink
Nike Air Force 1 Low Jason Voorhees,https://stockx.com/nike-air-force-1-low-jason-voorhees
Nike Dunk Low Union Passport Pack Argon,https://stockx.com/nike-dunk-low-union-argon
Nike SB Dunk Low City of Cinema,https://stockx.com/nike-sb-dunk-low-city-of-cinema
Jordan Jumpman Jack TR Travis Scott Dark Mocha TD,https://stockx.com/air-jordan-jumpman-jack-tr-travis-scott-dark-mocha-td
New Balance 9060 Magnet,https://stockx.com/new-balance-9060-magnet
Nike P 6000 Triple White,https://stockx.com/nike-p-6000-triple-white
adidas Yeezy Boost 350 V2 Mono Clay,https://stockx.com/adidas-yeezy-boost-350-v2-mono-clay
adidas AE 1 Low Lucid Lime,https://stockx.com/adidas-ae-1-low-lucid-lime
adidas Campus 00s Black Leopard Women s,https://stockx.com/adidas-campus-00s-black-leopard-womens
Timberland Field Boot Mid Lace Up Waterproof Wheat,https://stockx.com/timberland-field-boot-mid-lace-up-waterproof-wheat
Onitsuka Tiger Mexico 66 Silver Off White,https://stockx.com/onitsuka-tiger-mexico-66-silver-off-white
Jordan 5 Retro El Grito Sail,https://stockx.com/air-jordan-5-retro-el-grito-sail
New Balance 530 Grey Matter Harbor Grey,https://stockx.com/new-balance-530-grey-matter-harbor-grey
UGG Tasman Slipper Palace Chestnut Camo,https://stockx.com/ugg-tasman-slipper-palace-chestnut-camo
Jordan 4 Retro Platinum Gold GS,https://stockx.com/air-jordan-4-retro-platinum-gold-gs
Nike Air Force 1 Mid Supreme White,https://stockx.com/nike-air-force-1-mid-supreme-white
Jordan 1 Retro High Silver Toe Women s,https://stockx.com/air-jordan-1-retro-high-silver-toe-w
adidas Samba Decon White Black Gum,https://stockx.com/adidas-samba-decon-white-black-gum
Nike Dunk Low Vintage Green Women s,https://stockx.com/nike-dunk-low-vintage-green-w
adidas Samba OG Silver Metallic Black Gum Women s,https://stockx.com/adidas-samba-og-silver-metallic-black-gum-womens
adidas Yeezy Boost 350 V2 Fade,https://stockx.com/adidas-yeezy-boost-350-v2-yecher
New Balance 530 Moonbeam,https://stockx.com/new-balance-530-moonbeam
Nike Air Max 1 SP Concepts Mellow,https://stockx.com/nike-air-max-1-sp-concepts-denim-olive-canvas
Nike Zoom LeBron NXXT Gen White Metallic Silver,https://stockx.com/nike-zoom-lebron-nxxt-gen-white-metallic-silver
adidas Campus 00s Grey Gum Kids,https://stockx.com/adidas-campus-00s-grey-gum-gs
Jordan 1 Retro High NC to Chi Women s,https://stockx.com/air-jordan-1-retro-high-unc-chicago-leather-w
Jordan 1 Retro Low OG SP Fragment x Travis Scott,https://stockx.com/air-jordan-1-low-fragment-design-x-travis-scott
Nike Dunk Low QS LeBron James Fruity Pebbles,https://stockx.com/nike-dunk-low-qs-lebron-james-fruity-pebbles
Gucci Persuit Slide x adidas Clear Rubber,https://stockx.com/gucci-persuit-slide-clear-rubber
New Balance 9060 Charcoal,https://stockx.com/new-balance-9060-charcoal
UGG Tasman Slipper Caspian Burnt Cedar Women s,https://stockx.com/ugg-tasman-slipper-caspian-burnt-cedar-womens
New Balance 9060 Moonrock Linen,https://stockx.com/new-balance-9060-moonrock-linen
ASICS Gel NYC Ivory Clay Grey,https://stockx.com/asics-gel-nyc-ivory-clay-grey
Nike Air Force 1 Low Kobe Bryant Lakers Away Non Numbered,https://stockx.com/nike-air-force-1-low-kobe-bryant-lakers-away
Nike Air Max 1 Travis Scott Cactus Jack Saturn Gold,https://stockx.com/nike-air-max-1-travis-scott-wheat
Nike Air Force 1 Low SP Stash 2024,https://stockx.com/nike-air-force-1-low-sp-stash-2024
adidas Yeezy Boost 700 V2 Static,https://stockx.com/adidas-yeezy-boost-700-v2-static
Jordan 1 Mid Stealth Women s,https://stockx.com/air-jordan-1-mid-stealth-w
adidas Gazelle Bold Core Black White Women s,https://stockx.com/adidas-gazelle-bold-core-black-white-w
Nike Dunk Low Dark Team Red Black,https://stockx.com/nike-dunk-low-dark-team-red-black
Nike Dunk Low Retro Cosmic Clay,https://stockx.com/nike-dunk-low-retro-cosmic-clay
adidas Yeezy Foam RNR Stone Salt,https://stockx.com/adidas-yeezy-foam-rnr-stone-salt
New Balance 1906R Harbor Grey,https://stockx.com/new-balance-1906r-harbor-grey
adidas Yeezy Boost 350 V2 Mono Cinder,https://stockx.com/adidas-yeezy-boost-350-v2-mono-cinder
adidas Country OG Song For The Mute Maroon,https://stockx.com/adidas-country-og-song-for-the-mute-maroon
Nike Air Zoom Spiridon OG Sport Red 2024,https://stockx.com/nike-air-zoom-spiridon-og-sport-red-2024
Converse Chuck Taylor All Star 70 Hi LAIKA Coraline Other World,https://stockx.com/converse-chuck-taylor-all-star-70-hi-laika-coraline-other-world
adidas Samba OG Lucid Pink Women s,https://stockx.com/adidas-samba-og-lucid-pink-womens
Nike SB Dunk Low Orange Emerald Rise,https://stockx.com/nike-sb-dunk-low-orange-emerald-rise
Nike Dunk Low Valentine s Day 2024 Women s,https://stockx.com/nike-dunk-low-valentines-day-2024-womens
Jordan 1 Retro High Light Smoke Grey,https://stockx.com/air-jordan-1-retro-high-light-smoke-grey
adidas Yeezy QNTM Amber Tint,https://stockx.com/adidas-yeezy-qntm-amber-tint
Nike Air Zoom GT Cut 3 Panda,https://stockx.com/nike-gt-cut-3-panda
Nike SB Dunk Low Sandy Bodecker,https://stockx.com/nike-sb-dunk-low-ebay-sandy-boedecker
Jordan 9 Retro Powder Blue 2024,https://stockx.com/air-jordan-9-retro-powder-blue-2024
Nike Sabrina 2 Mirrored Women s,https://stockx.com/nike-sabrina-2-mirrored-womens
Converse Chuck Taylor All Star Ox Black Monochrome,https://stockx.com/converse-chuck-taylor-all-star-ox-black-monocrom
Jordan 1 Mid Armory Navy,https://stockx.com/air-jordan-1-mid-dark-teal
adidas Harden Vol 8 After Hours,https://stockx.com/adidas-harden-vol-8-after-hours
New Balance 1906R Silver Black,https://stockx.com/new-balance-1906r-silver-black
Jordan 1 Retro Low OG SP Travis Scott Velvet Brown PS,https://stockx.com/air-jordan-1-retro-low-og-sp-travis-scott-velvet-brown-ps
Jordan 5 Retro UNC University Blue,https://stockx.com/air-jordan-5-retro-unc-university-blue
Nike Air Zoom Spiridon Cage 2 Metallic Silver,https://stockx.com/nike-air-zoom-spiridon-cage-2-metallic-silver
adidas Yeezy Boost 350 V2 Core Black White,https://stockx.com/adidas-yeezy-boost-350-v2-core-black-white
Nike Dunk Low EMB NBA 75th Anniversary Chicago,https://stockx.com/nike-dunk-low-emb-nba-75th-anniversary
adidas Gazelle Indoor Collegiate Green Lucid Pink Women s,https://stockx.com/adidas-gazelle-indoor-collegiate-green-lucid-pink-womens
Jordan 1 Retro Low OG SP Travis Scott Velvet Brown TD,https://stockx.com/air-jordan-1-retro-low-og-sp-travis-scott-velvet-brown-td
Nike Air Force 1 Low Kobe Bryant Lakers Away Numbered Edition of 8000,https://stockx.com/nike-air-force-1-low-kobe-bryant-lakers-away-numbered-edition-of-8000
adidas Samba OG White Better Scarlet,https://stockx.com/adidas-samba-og-white-better-scarlet
adidas AE 1 Low Iron Sharpens Iron,https://stockx.com/adidas-ae-1-low-iron-sharpens-iron
Nike Dunk Low Dusty Olive,https://stockx.com/nike-dunk-low-olive-brown-orange
Nike SB Dunk Low Pro PRM Seattle Supersonics,https://stockx.com/nike-sb-dunk-low-pro-prm-seattle-supersonics
New Balance 530 Munsell White,https://stockx.com/new-balance-530-munsell-white
adidas Yeezy Boost 700 Salt,https://stockx.com/adidas-yeezy-boost-700-salt
adidas Handball Spezial Preloved Green,https://stockx.com/adidas-handball-spezial-preloved-green
Nike Dunk Low Berlin,https://stockx.com/nike-dunk-low-berlin
Nike Dunk Low Retro SE CO JP University Red Obsidian,https://stockx.com/nike-dunk-low-retro-se-cojp-university-red-obsidian
Nike Ja 2 Induction,https://stockx.com/nike-ja-2-induction
Jordan 12 Retro SP SoleFly Cafecito,https://stockx.com/air-jordan-12-retro-sp-solefly-baroque-brown
ASICS Gel NYC Cream,https://stockx.com/asics-gel-nyc-cream
Nike Zoom Vomero 5 Thunder Blue Cream,https://stockx.com/nike-zoom-vomero-5-thunder-blue-cream
adidas Yeezy Foam RNR Clay Taupe,https://stockx.com/adidas-yeezy-foam-rnr-clay-taupe
Jordan 2 Retro OG Chicago 2022,https://stockx.com/air-jordan-2-retro-chicago-2022
Nike SB Dunk Low Run The Jewels,https://stockx.com/nike-sb-dunk-low-run-the-jewels
adidas Yeezy Boost 350 V2 MX Oat,https://stockx.com/adidas-yeezy-boost-350-v2-mx-oat
Nike Air VaporMax 2021 FK Black Anthracite,https://stockx.com/nike-air-vapormax-2021-fk-black-anthracite
Anta Kai 1 Yin Triple Black,https://stockx.com/anta-kai-1-triple-black
New Balance 9060 Triple Black Patent,https://stockx.com/new-balance-9060-triple-black-patent
adidas Gazelle Indoor Collegiate Green Gum,https://stockx.com/adidas-gazelle-indoor-collegiate-green-gum
adidas Sambae Leopard Off White Women s,https://stockx.com/adidas-sambae-leopard-off-white-womens
New Balance 1906R Silver Metallic Sea Salt,https://stockx.com/new-balance-1906r-silver-metallic-sea-salt
Jordan 1 Retro High OG Stealth,https://stockx.com/air-jordan-1-retro-high-og-stealth
Nike SB Dunk Low The Powerpuff Girls Buttercup,https://stockx.com/nike-sb-dunk-low-the-powerpuff-girls-buttercup
Nike Dunk Low Vintage Coral,https://stockx.com/nike-dunk-low-vintage-coral
Nike Dunk Low Denim Turquoise,https://stockx.com/nike-dunk-low-denim-turquoise
Nike P 6000 Black Cool Grey,https://stockx.com/nike-p-6000-black-cool-grey
adidas Yeezy Boost 350 V2 Sesame,https://stockx.com/adidas-yeezy-boost-350-v2-sesame
Nike Zoom Vomero 5 White Black,https://stockx.com/nike-zoom-vomero-5--white-black
adidas Samba OG Día de Muertos Pack Off White,https://stockx.com/adidas-samba-og-dia-de-muertos-pack-off-white
Jordan 1 Retro High OG SP Travis Scott Mocha,https://stockx.com/air-jordan-1-retro-high-travis-scott
Nike Dunk Low Summit White Midnight Navy,https://stockx.com/nike-dunk-low-summit-white-midnight-navy
adidas Samba LT Preloved Yellow,https://stockx.com/adidas-samba-lt-preloved-yellow
Nike Air Max Waffle Racer SP Action Green Altitude Green,https://stockx.com/nike-air-max-waffle-action-green-altitude-green
adidas Yeezy Boost 350 V2 Mono Mist,https://stockx.com/adidas-yeezy-boost-350-v2-mono-mist
adidas SL 72 RS Blue Scarlet,https://stockx.com/adidas-sl-72-rs-xld-blue-scarlet
Jordan 1 Retro High OG Satin Shadow Women s,https://stockx.com/air-jordan-1-retro-high-og-satin-shadow-womens
Jordan 1 Low White Ice Blue Women s,https://stockx.com/air-jordan-1-low-aluminum-w
Jordan 1 Mid Patent Black White Gold,https://stockx.com/air-jordan-1-mid-patent-black-white-gold
Jordan 6 Retro Yellow Ochre,https://stockx.com/air-jordan-6-retro-yellow-ochre
Jordan 1 Low Bred Toe GS,https://stockx.com/air-jordan-1-low-bred-toe-gs
Nike Dunk Low Vintage Green,https://stockx.com/nike-dunk-low-vintage-green
Jordan 1 Mid SE Desert Sail Women s,https://stockx.com/air-jordan-1-mid-se-desert-sail-womens
Nike P 6000 Premium Light Bone Bicoastal Green,https://stockx.com/nike-p-6000-premium-light-bone-bicoastal-green
Jordan 1 Low OG Bleached Coral,https://stockx.com/air-jordan-1-low-og-bleached-coral
Rigorer AR1 Silent Night,https://stockx.com/rigorer-ar1-silent-night
Nike Giannis Zoom Freak 6 Roses,https://stockx.com/nike-zoom-freak-6-roses
Nike Air Max 1 White Black,https://stockx.com/nike-air-max-1-white-black
Jordan 6 Retro Travis Scott British Khaki,https://stockx.com/air-jordan-6-retro-travis-scott-british-khaki
Nike Zoom Field Jaxx Travis Scott Light Chocolate,https://stockx.com/nike-zoom-field-jaxx-travis-scott-light-chocolate
adidas Samba OG Collegiate Green Women s,https://stockx.com/adidas-samba-og-collegiate-green-womens
Nike Sabrina 1 Brooklyn s Finest Women s,https://stockx.com/nike-sabrina-1-brooklyns-finest-womens
Nike Calm Slide Black,https://stockx.com/nike-calm-slide-black
UGG Tasman Slipper Palace Burnt Olive Camo,https://stockx.com/ugg-tasman-slipper-palace-burnt-olive-camo
Nike Ja 1 Year of the Dragon,https://stockx.com/nike-ja-1-chinese-new-year
adidas Samba OG JJJJound Tobacco,https://stockx.com/adidas-samba-og-jjjjound-mesa
Jordan 1 Retro Low 85 Metallic Black,https://stockx.com/air-jordan-1-retro-low-85-metallic-black
Nike Zoom Vomero 5 Light Orewood Brown,https://stockx.com/nike-zoom-vomero-5-light-orewood-brown
Nike Dunk Low PRM Red Stardust,https://stockx.com/nike-dunk-low-prm-red-stardust
adidas Campus 00s Core Black White,https://stockx.com/adidas-campus-00s-core-black-white
ASICS GT 2160 JJJJound Black,https://stockx.com/asics-gt-2160-jjjjound-black
adidas Yeezy 350 V2 CMPCT Slate Onyx,https://stockx.com/adidas-yeezy-350-v2-cmpct-slate-onyx
Nike Air Max 1 CLOT Kiss of Death 2021,https://stockx.com/nike-air-max-1-clot-kiss-of-death-2021
adidas Gazelle Triple Black,https://stockx.com/adidas-gazelle-triple-black
adidas Harden Vol 8 Purple Burst,https://stockx.com/adidas-harden-vol-8-purple-burst
UGG Classic Ultra Mini Platform Boot Black Women s,https://stockx.com/ugg-classic-ultra-mini-platform-black-w
adidas AE 1 Low Nick s Gift,https://stockx.com/adidas-ae-1-low-blue-burst
adidas Samba OG White Night Indigo Gum,https://stockx.com/adidas-samba-og-white-night-indigo-gum
adidas Forum Buckle Low Bad Bunny Last Forum,https://stockx.com/adidas-forum-buckle-low-white
Nike Air Zoom GT Cut 3 White Picante Red,https://stockx.com/nike-air-zoom-gt-cut-3-white-picante-red
adidas Yeezy Boost 700 Utility Black,https://stockx.com/adidas-yeezy-boost-700-utility-black
New Balance 1906A Black,https://stockx.com/new-balance-1906a-black
Nike Air DT Max 96 Black Vegas Gold,https://stockx.com/nike-air-dt-max-96-black-vegas-gold
Vans Sk8 Hi True White,https://stockx.com/vans-sk8-hi-true-white
New Balance 990v6 MiUSA Grey,https://stockx.com/new-balance-990v6-grey
adidas Handball Spezial Core Blue Cream White Gum,https://stockx.com/adidas-handball-spezial-core-blue-cream-white-gum
New Balance 9060 Sea Salt Moonbeam,https://stockx.com/new-balance-9060-sea-salt-moonbeam
Nike Kobe 4 Protro Philly 2024,https://stockx.com/nike-kobe-4-protro-philly-2024
adidas Handball Spezial Grey Cream White,https://stockx.com/adidas-handball-spezial-grey-cream-white
Nike GT Cut Cross Think Pink,https://stockx.com/nike-gt-cut-cross-think-pink
UGG Tasman Slipper Palace Black Camo,https://stockx.com/ugg-tasman-slipper-palace-black-camo
Jordan 1 Low Alternate Royal Toe,https://stockx.com/air-jordan-1-low-alternate-royal-toe
adidas Gazelle Shadow Brown Women s,https://stockx.com/adidas-gazelle-shadow-brown-womens
Jordan 1 Retro AJKO Low SP Union White Canvas,https://stockx.com/air-jordan-1-retro-ajko-low-sp-union
Nike Zoom Vomero 5 Cobblestone Flat Pewter Women s,https://stockx.com/nike-zoom-vomero-5-cobblestone-w
Nike P 6000 Metallic Silver Aegean Storm,https://stockx.com/nike-p-6000-metallic-silver-aegean-storm
Nike Air Force 1 Low 07 Black White 2023,https://stockx.com/nike-air-force-1-low-07-black-white-2023
Nike Air Max Sunder Canyon Gold Deep Ocean Women s,https://stockx.com/nike-air-max-sndr-canyon-gold-deep-ocean-womens
Jordan 1 Low White Black Metallic Gold Swoosh,https://stockx.com/air-jordan-1-low-white-black-metallic-gold-swoosh
Nike Sabrina 1 Magnetic Women s,https://stockx.com/nike-sabrina-1-magnetic-womens
NikeCraft General Purpose Shoe Tom Sachs Field Brown,https://stockx.com/nikecraft-general-purpose-shoe-tom-sachs-brown
Nike Dunk Low PRM Halloween 2021,https://stockx.com/nike-dunk-low-prm-halloween-2021
Nike Air DT Max 96 Black White 2024,https://stockx.com/nike-air-dt-max-96-black-white-2024
adidas Yeezy Slide Ochre,https://stockx.com/adidas-yeezy-slide-ochre
Nike Dunk Low SP Kentucky,https://stockx.com/nike-dunk-low-sp-kentucky
Nike Air Max Plus Origins Waterway,https://stockx.com/nike-air-max-plus-origins-waterway
Nike Dunk Low Next Nature Aster Pink Women s,https://stockx.com/nike-dunk-low-next-nature-aster-pink-womens
adidas Harden Vol 8 Luxury Red,https://stockx.com/adidas-harden-vol-8-luxury-red
adidas Yeezy 450 Resin,https://stockx.com/adidas-yeezy-450-resin
adidas Campus 2 KoRn Follow The Leader,https://stockx.com/adidas-campus-2-korn-follow-the-leader
Nike Air Max 1 Premium Shima Shima 2023,https://stockx.com/nike-air-max-1-premium-shima-shima-2023
Jordan 1 Low SE Brown Kelp Sky J Light Olive Women s,https://stockx.com/air-jordan-1-low-se-brown-kelp-sky-j-light-olive-womens
Nike Air Max 95 Central Cee Live Yours,https://stockx.com/nike-air-max-95-central-cee-live-yours
Nike Killshot 2 LTR PRM Tiempo Pack Black,https://stockx.com/nike-killshot-2-ltr-prm-tiempo-pack-black
ASICS Gel Kayano 14 Birch Pure Silver,https://stockx.com/asics-gel-kayano-14-birch-pure-silver
Jordan 2 Retro SP Union Grey Fog,https://stockx.com/air-jordan-2-retro-union-grey-fog
Nike Air Zoom Spiridon Fragment Design White Blue Void,https://stockx.com/nike-air-zoom-spiridon-fragment-design-white-blue-void
adidas Yeezy 450 Cloud White,https://stockx.com/adidas-yeezy-450-cloud-white
Nike Dunk Low Pink Velvet GS,https://stockx.com/nike-dunk-low-pink-velvet-gs
Nike Dunk Low Retro Pacific Moss,https://stockx.com/nike-dunk-low-retro-pacific-moss
Jordan 1 Low Lucky Green,https://stockx.com/air-jordan-1-low-lucky-green
Nike SB Dunk Low Pro Why So Sad,https://stockx.com/nike-sb-dunk-low-pro-why-so-sad
Nike V2K Run Summit White Metallic Silver Women s,https://stockx.com/nike-v2k-run-summit-white-metallic-silver-womens
Jordan 4 Retro Fear 2024 PS,https://stockx.com/air-jordan-4-retro-fear-2024-ps
Jordan 3 Retro Cardinal Red,https://stockx.com/air-jordan-3-retro-cardinal-red
ASICS Gel Kayano 14 Cream Pure Silver Champagne,https://stockx.com/asics-gel-kayano-14-cream-pure-silver
Nike Dunk Low Reverse Goldenrod 2024,https://stockx.com/nike-dunk-low-reverse-goldenrod-2024
adidas Italia SPZL C P Company Collegiate Royal,https://stockx.com/adidas-italia-spzl-cp-company-collegiate-royal
Jordan 2 Retro J Balvin,https://stockx.com/air-jordan-2-retro-j-balvin
Jordan 1 Low White Toe,https://stockx.com/air-jordan-1-low-white-toe
Nike SB Dunk Low Pro Nicole Hause,https://stockx.com/nike-sb-dunk-low-pro-nicole-hause
Vans Classic Slip On Checkerboard Black,https://stockx.com/vans-classic-slip-on-checkerboard-black
Onitsuka Tiger Mexico 66 Birch Peacoat,https://stockx.com/onitsuka-tiger-mexico-66-birch-peacoat
adidas Samba OG Dark Brown Tweed,https://stockx.com/adidas-samba-og-dark-brown-tweed
Nike Air Max Waffle Racer SP Black Anthracite,https://stockx.com/nike-air-max-waffle-racer-sp-black-anthracite
adidas Samba Light Purple Floral Women s,https://stockx.com/adidas-samba-light-purple-floral-womens
Nike Dunk Low Fossil Rose,https://stockx.com/nike-dunk-low-fossil-rose
adidas Yeezy QNTM Flash Orange,https://stockx.com/adidas-yeezy-qntm-flash-orange
ASICS Gel 1130 Clay Grey Pure Silver,https://stockx.com/asics-gel-1130-clay-grey-pure-silver
adidas Campus 00s Better Scarlet Cloud White,https://stockx.com/adidas-campus-00s-better-scarlet-cloud-white
Jordan 4 Retro Hyper Violet GS,https://stockx.com/air-jordan-4-retro-hyper-violet-gs
adidas Adizero SL 72 Bad Bunny Blue,https://stockx.com/adidas-adizero-sl-72-bad-bunny-blue
adidas Gazelle Indoor Blue Fusion Gum Women s,https://stockx.com/adidas-gazelle-indoor-blue-fusion-gum-w
ASICS Gel Kayano 12 1 Kith Cream Sage,https://stockx.com/asics-gel-kayano-121-kith-cream-sage
Puma LaMelo Ball LaFrancé Amour Untouchable,https://stockx.com/puma-lamelo-ball-lafrance-amour-untouchable
Nike Dunk Low PRM Bacon Women s,https://stockx.com/nike-dunk-low-prm-bacon-womens
Jordan 1 Low Archaeo Brown Women s,https://stockx.com/air-jordan-1-low-archaeo-brown-womens
Jordan 4 Retro Bred 2019,https://stockx.com/air-jordan-4-retro-bred-2019
Jordan 1 Retro High OG Washed Black,https://stockx.com/air-jordan-1-retro-high-og-washed-black
Nike Dunk Low Concord,https://stockx.com/nike-dunk-low-concord
Nike Dunk Low Retro Reverse Brazil,https://stockx.com/nike-dunk-low-reverse-brazil
New Balance 998 MiUSA WTAPS Visual Uparmored,https://stockx.com/new-balance-998-miusa-wtaps
Nike Dunk Low Retro Photo Blue,https://stockx.com/nike-dunk-low-retro-photo-blue
Jordan 5 Retro Raging Bull Red 2021,https://stockx.com/air-jordan-5-retro-raging-bulls-red-2021
Jordan 1 Mid Banned 2020,https://stockx.com/air-jordan-1-mid-banned-2020
Nike Air Max 95 SP A Ma Maniére While You Were Sleeping,https://stockx.com/nike-air-max-95-sp-a-ma-maniere-while-you-were-sleeping
Nike Book 1 Rattlesnake,https://stockx.com/nike-book-1-rattlesnake
Nike Hot Step 2 Drake NOCTA White,https://stockx.com/nike-hot-step-2-drake-nocta-white
Nike Dunk Low Silver Surfer 2024,https://stockx.com/nike-dunk-low-silver-surfer-2024
Nike Air Force 1 Low 07 White Black Pebbled Leather,https://stockx.com/nike-air-force-1-07-white-black-pebbled-leather
Jordan 1 Retro High OG Gorge Green,https://stockx.com/air-jordan-1-retro-high-og-gorge-green
New Balance 2002R Protection Pack Black Grey,https://stockx.com/new-balance-2002r-protection-pack-black-grey
Jordan 1 Low Jade Smoke Women s,https://stockx.com/air-jordan-1-low-jade-smoke-womens
adidas Yeezy Boost 350 V2 Hyperspace,https://stockx.com/adidas-yeezy-boost-350-v2-hyperspace
Nike Jordan Air Ship PE SP Awake NY Game Royal,https://stockx.com/nike-air-jordan-air-ship-pe-sp-awake-ny-game-royal
Nike Kobe 6 Protro Italian Camo 2024,https://stockx.com/nike-kobe-6-protro-italian-camo-2024
adidas Gazelle CLOT Halo Ivory,https://stockx.com/adidas-gazelle-clot-halo-ivory
adidas Handball Spezial Sporty Rich Green,https://stockx.com/adidas-handball-spezial-sporty-rich-green
Jordan 11 Retro Concord 2018,https://stockx.com/air-jordan-11-retro-concord-2018
Nike Air Trainer Huarache Corteiz Light Bone,https://stockx.com/nike-air-trainer-huarache-corteiz-light-bone
Nike Air Force 1 Low 07 Suede Cacao Wow Women s,https://stockx.com/nike-air-force-1-low-07-suede-cacao-wow-womens
Jordan 1 Retro High Black Metallic Gold 2020,https://stockx.com/air-jordan-1-retro-high-black-metallic-gold-2020
Nike SB Dunk Low April Skateboards,https://stockx.com/nike-sb-dunk-low-april-skateboards
Nike Dunk Low Light Orewood Brown Bicoastal,https://stockx.com/nike-dunk-low-light-orewood-brown-bicoastal
New Balance 530 Steel Grey,https://stockx.com/new-balance-530-steel-grey
Jordan 1 Retro High CO JP Neutral Grey 2020,https://stockx.com/air-jordan-1-retro-high-co-japan-neutral-grey
Nike Air Max 90 NRG Bacon 2021,https://stockx.com/nike-air-max-90-nrg-bacon-2021
Nike Air Force 1 Low SP A Ma Maniére While You Were Sleeping Women s,https://stockx.com/nike-air-force-1-low-sp-a-ma-maniere-while-you-were-sleeping
adidas Sambae White Black Gum Women s,https://stockx.com/adidas-sambae-white-black-gum-womens
Jordan 4 Retro University Blue,https://stockx.com/air-jordan-4-retro-university-blue
Jordan 11 Retro Low Legend Blue,https://stockx.com/air-jordan-11-retro-low-legend-blue
Puma LaMelo Ball MB 01 Lo Green Gecko,https://stockx.com/puma-lamelo-ball-mb01-lo-green-gecko
Timberland Field Boot Mid Lace Up Waterproof Chocolate,https://stockx.com/timberland-field-boot-mid-lace-up-waterproof-chocolate
Nike Air Max 1 86 PRM Powerwall BRS,https://stockx.com/nike-air-max-1-86-prm-powerwall-brs
adidas Yeezy Boost 350 V2 Black Non Reflective,https://stockx.com/adidas-yeezy-boost-350-v2-black
Jordan 5 Retro Off White Sail,https://stockx.com/air-jordan-5-retro-off-white-sail
Nike Air Force 3 Low SP Nigo Baroque Brown,https://stockx.com/nike-air-force-3-low-sp-nigo-baroque-brown
Nike Dunk Low Light Smoke Grey Women s,https://stockx.com/nike-dunk-low-light-smoke-grey-w
Jordan 1 Retro High OG Praline Women s,https://stockx.com/air-jordan-1-retro-high-og-praline-w
adidas SL83 SPZL C P Company Dust Green,https://stockx.com/adidas-sl83-spzl-cp-company-dust-green
adidas Gazelle Indoor Blue Bird Gum,https://stockx.com/adidas-gazelle-blue-bird-gum
Jordan 1 Retro High 85 Georgetown,https://stockx.com/air-jordan-1-retro-high-85-georgetown
Jordan 3 Retro Midnight Navy,https://stockx.com/air-jordan-3-retro-midnight-navy
Nike Dunk Low Black Total Orange Mini Swoosh,https://stockx.com/nike-dunk-low-grey-black-orange-mini-swoosh
Nike Kobe 8 Protro Radiant Emerald,https://stockx.com/nike-kobe-8-protro-radiant-emerald
Nike Dunk Low Premium Denim Turquoise,https://stockx.com/nike-dunk-low-premium-denim-turquoise
adidas Gazelle Black White Gum,https://stockx.com/adidas-gazelle-black-white-gum
adidas Samba Cloud White Blue Gum,https://stockx.com/adidas-samba-cloud-white-blue-gum
Nike Air Force 1 Low 07 LV8 Black Vintage Coral Phantom,https://stockx.com/nike-air-force-1-low-07-lv8-black-vintage-coral-phantom
adidas Yeezy Boost 380 Pepper,https://stockx.com/adidas-yeezy-boost-380-pepper
Jordan 3 Retro Cement Grey GS,https://stockx.com/air-jordan-3-retro-cement-grey-gs
adidas Samba OG Black Pink Ribbon Laces Women s,https://stockx.com/adidas-samba-og-black-pink-ribbon-laces-womens
adidas Yeezy 500 Bone White 2023,https://stockx.com/adidas-yeezy-500-bone-white-2023
adidas Gazelle Bold Wonder Quartz Black Gum Women s,https://stockx.com/adidas-gazelle-bold-wonder-quartz-black-gum-womens
adidas Wimberly SPZL C P Company Tech Khaki,https://stockx.com/adidas-wimberly-spzl-cp-company-tech-khaki
Nike SB Dunk Low Mystic Red Rosewood,https://stockx.com/nike-sb-dunk-low-mystic-red
Jordan 4 RM Black Light Bone,https://stockx.com/air-jordan-4-rm-black-light-bone
Jordan Spizike Low UNC,https://stockx.com/air-jordan-spizike-low-unc
Nike Calm Slide Sail,https://stockx.com/nike-calm-slide-sail
Jordan 1 Low SE Chlorophyll,https://stockx.com/air-jordan-1-low-se-chlorophyll
Jordan 1 Retro Low OG NC to Chi Women s,https://stockx.com/air-jordan-1-retro-low-og-unc-to-chicago-womens
Nike SB Dunk Low Yuto Horigome,https://stockx.com/nike-sb-dunk-low-yuto-horigome
adidas Adizero SL 72 Bad Bunny Maroon,https://stockx.com/adidas-adizero-sl-72-bad-bunny-maroon
Nike Dunk Low Industrial Blue Sashiko,https://stockx.com/nike-dunk-low-industrial-blue-sashiko
Air Jordan 1 Low Vintage Stealth Grey,https://stockx.com/air-air-jordan-1-low-vintage-grey
adidas Yeezy 500 Stone Taupe,https://stockx.com/adidas-yeezy-500-stone-taupe
Nike Air Max 95 Essential Triple Black,https://stockx.com/nike-air-max-95-triple-black-2020
adidas Adizero SL 72 Bad Bunny Off White,https://stockx.com/adidas-adizero-sl-72-bad-bunny-off-white
New Balance 2002R Linen,https://stockx.com/new-balance-2002r-linen
Nike Dunk Low Since 72 Pacific Moss,https://stockx.com/nike-dunk-low-since-72-pacific-moss
Jordan 1 Retro High OG Starfish Women s,https://stockx.com/air-jordan-1-retro-high-og-starfish-w
New Balance 2002R Grey,https://stockx.com/new-balance-2002r-grey
Nike Air Max Correlate Black White Grey,https://stockx.com/nike-air-max-correlate-black-white-grey
Nike SB Dunk Low The Powerpuff Girls Blossom,https://stockx.com/nike-sb-dunk-low-the-powerpuff-girls-blossom
Nike Dunk Low SE Lottery Pack Malachite Green,https://stockx.com/nike-dunk-low-se-lottery
Nike SB Dunk Low Adobe,https://stockx.com/nike-dunk-low-adobe
Nike Dunk Low SE White Light Pumice,https://stockx.com/nike-dunk-low-se-white-light-pumice
New Balance 530 Vintage Grey Matter,https://stockx.com/new-balance-530-vintage-grey-matter
adidas Country OG Song For The Mute Bronze,https://stockx.com/adidas-country-og-song-for-the-mute-bronze
Jordan 1 Retro Low OG PSG Paris Saint Germain,https://stockx.com/air-jordan-1-retro-low-og-psg-paris-saint-germain
New Balance 2002R Protection Pack Mirage Grey,https://stockx.com/new-balance-2002r-protection-pack-mirage-grey
Nike Air Max Plus 25th Anniversary,https://stockx.com/nike-air-max-plus-25th-anniversary
adidas Yeezy 350 V2 CMPCT Slate Panda,https://stockx.com/adidas-yeezy-350-v2-cmpct-panda
Nike Blazer Low Off White Black Electro Green,https://stockx.com/nike-blazer-low-77-off-white-electro-green
Nike LeBron 22 Monopoly,https://stockx.com/nike-lebron-22-monopoly
Jordan 4 Retro Midnight Navy GS,https://stockx.com/air-jordan-4-retro-midnight-navy-gs
Nike SB Dunk Low Fog,https://stockx.com/nike-dunk-sb-low-fog
adidas Harden Vol 8 Black Yellow,https://stockx.com/adidas-harden-vol-8-black-yellow
Gucci Basket Green Demetra,https://stockx.com/gucci-basket-green-demetra
Nike Air Force 1 Low 07 Black Women s,https://stockx.com/nike-air-force-1-low-black-2019-w
Puma Speedcat Archive Haute Coffee Frosted Ivory,https://stockx.com/puma-speedcat-archive-haute-coffee-frosted-ivory
adidas Ultra Boost 1 0 DNA Triple Black,https://stockx.com/adidas-ultra-boost-10-dna-triple-black
Nike SB Dunk Low The Powerpuff Girls Bubbles,https://stockx.com/nike-sb-dunk-low-the-powerpuff-girls-bubbles
adidas Gazelle Indoor Maroon Almost Yellow,https://stockx.com/adidas-gazelle-indoor-maroon-almost-yellow
adidas Samba OG Carbon Women s,https://stockx.com/adidas-samba-og-carbon-womens
Jordan 1 Mid Linen,https://stockx.com/air-jordan-1-mid-linen
Nike Dunk High Fragment Beijing 2021,https://stockx.com/nike-dunk-high-fragment-design-beijing-2021
adidas Yeezy Knit RNR Fade Onyx,https://stockx.com/adidas-yeezy-knit-rnr-fade-onyx
adidas Yeezy 450 Stone Marine,https://stockx.com/adidas-yeezy-450-stone-marine
Jordan 1 Low SE Seafoam,https://stockx.com/air-jordan-1-low-se-seafoam
Nike Air Max Plus Aqua Blue,https://stockx.com/nike-air-max-plus-aqua-blue
Nike Zoom Mercurial Vapor 1 RGN SE FG Chrome Lime,https://stockx.com/nike-zoom-mercurial-vapor-1-rgn-se-fg-chrome-lime
Jordan 1 Low Yellow Ochre,https://stockx.com/air-jordan-1-low-yellow-ochre
New Balance 740v2 White Marsh Green,https://stockx.com/new-balance-740v2-white-marsh-green
adidas Gazelle CLOT Linen Khaki,https://stockx.com/adidas-gazelle-clot-linen-khaki
adidas Gazelle Core Black Cloud White Gold,https://stockx.com/adidas-gazelle-core-black-cloud-white-gold
adidas Handball Spezial Black Wonder Leopard Women s,https://stockx.com/adidas-handball-spezial-black-wonder-leopard-womens
UGG Classic Ultra Mini Boot Palace Chestnut Camo,https://stockx.com/ugg-classic-ultra-mini-boot-palace-chestnut-camo
Nike Air Trainer 1 SP Travis Scott Wheat,https://stockx.com/nike-air-trainer-1-sp-travis-scott-wheat
Nike Dunk Low UCLA,https://stockx.com/nike-dunk-low-ucla
Nike Dunk Low White Grey Navy Aqua Mini Swoosh,https://stockx.com/nike-dunk-low-white-grey-navy-aqua-mini-swoosh
New Balance 1000 Green Grey,https://stockx.com/new-balance-1000-green-grey
Nike SB Dunk Low Albino Preto,https://stockx.com/nike-sb-dunk-low-albino-preto-pearl-white
adidas Handball Spezial Preloved Yellow,https://stockx.com/adidas-handball-spezial-preloved-yellow
adidas Samba OG 75th Anniversary Pack Black,https://stockx.com/adidas-samba-og-75th-anniversary-pack-black
Crocs Classic All Terrain Clog Friday The 13th,https://stockx.com/crocs-classic-all-terrain-clog-friday-the-13th
Nike Dunk Low Next Nature Panda Women s,https://stockx.com/nike-dunk-low-next-nature-white-black-w
adidas Handball Spezial Wonder Silver Gum Women s,https://stockx.com/adidas-handball-spezial-wonder-silver-gum-womens
Jordan 1 Low Marina Blue Women s,https://stockx.com/air-jordan-1-low-marina-blue-w
adidas Yeezy Boost 700 MNVN Resin,https://stockx.com/adidas-yeezy-boost-700-mnvn-resin
New Balance 2002R Cordura Phantom Black,https://stockx.com/new-balance-2002r-cordura-phantom-black
adidas Samba LT Black White Women s,https://stockx.com/adidas-samba-lt-black-white-womens
Onitsuka Tiger Mexico 66 Black White,https://stockx.com/onitsuka-tiger-mexico-66-black-white
Nike Dunk Low White Viotech,https://stockx.com/nike-dunk-low-viotech
Timberland 6 Boot Wheat GS,https://stockx.com/timberland-6-wheat-gs
Nike Dunk Low Retro Dragon Red,https://stockx.com/nike-dunk-low-retro-dragon-red
Jordan 3 Retro SP A Ma Maniére Women s,https://stockx.com/air-jordan-3-retro-a-ma-maniere-w
adidas Harden Vol 8 Miami Nights,https://stockx.com/adidas-harden-vol-8-miami-nights
Crocs Pollex Clog by Salehe Bembury Niagara,https://stockx.com/crocs-pollex-clog-by-salehe-bembury-niagara
Nike Book 1 Lilac Bloom,https://stockx.com/nike-book-1-lilac-bloom
Jordan 1 Retro High Satin Snake Chicago Women s,https://stockx.com/air-jordan-1-retro-high-satin-snake-chicago-w
Nike Air Max Sunder SP Kids of Immigrants Sunrise,https://stockx.com/nike-air-max-sunder-sp-kids-of-immigrants-sunrise
Nike Dunk Low Retro Bronzine,https://stockx.com/nike-dunk-low-retro-bronzine
Nike Air Force 1 Mid Off White Black,https://stockx.com/nike-air-force-1-mid-off-white-black
Jordan 1 Low SE Armory Navy,https://stockx.com/air-jordan-1-low-se-armory-navy
Nike Ja 1 Reverse Scratch,https://stockx.com/nike-ja-1-reverse-scratch
adidas Yeezy 500 Clay Brown,https://stockx.com/adidas-yeezy-500-clay-brown
Nike Air Force 1 Low 07 White Light Smoke Grey,https://stockx.com/nike-air-force-1-low-07-white-light-smoke-grey
adidas Country OG Song For The Mute Black,https://stockx.com/adidas-country-og-song-for-the-mute-black
adidas Yeezy Foam RNNR Sulfur,https://stockx.com/adidas-yeezy-foam-rnnr-sulfur
Jordan 1 Low SE White Legend Blue,https://stockx.com/air-jordan-1-low-se-white-legend-blue
Nike Dunk Low Retro SE Suede Panda,https://stockx.com/nike-dunk-low-retro-se-suede-panda
ASICS Gel 1130 Baby Lavender Pure Silver Women s,https://stockx.com/asics-gel-1130-baby-lavender-pure-silver-womens
Nike KD 15 What The,https://stockx.com/nike-kd-15-what-the
Nike Dunk Low Laser Fuchsia GS,https://stockx.com/nike-dunk-low-laser-fuchsia-gs
Nike Dunk Low Essential Paisley Pack Worn Blue Women s,https://stockx.com/nike-dunk-low-blue-paisley-w
Nike Dunk Low Retro Red Swoosh Panda,https://stockx.com/nike-dunk-low-retro-red-swoosh-panda
Nike Air Force 1 Mid Supreme Black,https://stockx.com/nike-air-force-1-mid-supreme-black
Nike LeBron 21 Akoya,https://stockx.com/nike-lebron-21-akoya
Salomon XT 6 White Lunar Rock,https://stockx.com/salomon-xt-6-white-lunar-rock
New Balance 327 Sea Salt Black,https://stockx.com/new-balance-327-sea-salt-black
adidas Yeezy 450 Stone Flax,https://stockx.com/adidas-yeezy-450-stone-flax
Nike LD Waffle sacai CLOT Kiss of Death Net Orange Blaze,https://stockx.com/nike-ldwaffle-clot-sacai-net-orange-blaze
New Balance 574 Grey White,https://stockx.com/new-balance-574-grey-white-2022
New Balance 530 Grey Matter Silver Metallic,https://stockx.com/new-balance-530-grey-matter-silver-metallic
adidas Samba OG Clay Strata,https://stockx.com/adidas-samba-og-clay-strata
Jordan 1 Mid Gym Red Black Toe,https://stockx.com/air-jordan-1-mid-black-toe-white-gym-red
adidas Gazelle Indoor CLOT By Edison Chen Collegiate Navy,https://stockx.com/adidas-gazelle-clot-by-edison-chen-navy
Nike Dunk Low Next Nature White Mint Women s,https://stockx.com/nike-dunk-low-next-nature-white-mint-w
Jordan 12 Retro Reverse Flu Game,https://stockx.com/air-jordan-12-retro-reverse-flu-game
Nike Air Max 1 86 OG Big Bubble Sport Red,https://stockx.com/nike-air-max-1-86-big-bubble-red
Nike Dunk Low Sketch and Exploration,https://stockx.com/nike-dunk-low-sketch-and-exploration
Jordan 1 Mid University Blue Black,https://stockx.com/air-jordan-1-mid-university-blue-black
Nike Air Max 1 Athletic Department Deep Royal Blue,https://stockx.com/nike-air-max-1-athletic-department-deep-royal-blue
Nike Blazer Mid 77 Jumbo White Black,https://stockx.com/nike-blazer-mid-77-jumbo-white-black
adidas Yeezy Foam RNR Stone Taupe,https://stockx.com/adidas-yeezy-foam-rnr-stone-taupe
Nike KD 16 All Star,https://stockx.com/nike-kd-16-all-star
New Balance 9060 Reflection Raincloud Quarry Blue,https://stockx.com/new-balance-9060-reflection-raincloud-quarry-blue
adidas Yeezy Boost 350 V2 Sand Taupe,https://stockx.com/adidas-yeezy-boost-350-v2-sand-taupe
Nike Book 1 Sunrise,https://stockx.com/nike-book-1-sunrise
Nike Dunk Low Harvest Moon Women s,https://stockx.com/nike-dunk-low-harvest-moon-w
adidas Adizero F50 Elite FG Bad Bunny Lionel Messi La Voz De Los Fans,https://stockx.com/adidas-adizero-f50-elite-fg-bad-bunny-lionel-messi-la-voz-de-los-fans
Nike SB Dunk Low Wheat,https://stockx.com/nike-sb-dunk-low-wheat-2020
Nike Zoom Vomero 5 Platinum Tint Metallic Gold,https://stockx.com/nike-zoom-vomero-5-platinum-tint-metallic-gold
Nike Ja 1 Day One Soft Pink,https://stockx.com/nike-ja-1-day-one-soft-pink
Jordan 3 Retro SP J Balvin Medellín Sunset,https://stockx.com/air-jordan-3-retro-sp-j-balvin
Nike Zoom Vomero 5 SE Light Orewood Brown,https://stockx.com/nike-zoom-vomero-5-se-light-orewood-brown
adidas Yeezy 450 Sulfur,https://stockx.com/adidas-yeezy-450-sulfur
New Balance 1000 Real Pink Sandstone,https://stockx.com/new-balance-1000-tan-pink-green
adidas Gazelle Indoor Magic Beige Women s,https://stockx.com/adidas-gazelle-indoor-magic-beige-womens
Nike Air Monarch IV White Black,https://stockx.com/nike-air-monarch-iv-white-black
New Balance 9060 Chrome Blue,https://stockx.com/new-balance-9060-chrome-blue
adidas Gazelle Indoor Maroon Preloved Crimson,https://stockx.com/adidas-gazelle-indoor-maroon-preloved-crimson
Nike P 6000 Black Black White,https://stockx.com/nike-p-6000-black-black-white
Nike Air Zoom Spiridon Fragment Design Black,https://stockx.com/nike-air-zoom-spiridon-fragment-design-black
Nike Air Force 1 Low LX Vanta Black,https://stockx.com/nike-air-force-1-low-lx-vanta-black
Nike Air Max 95 Unearthed,https://stockx.com/nike-air-max-95-unearthed
Nike Dunk Low Retro Miami Hurricanes,https://stockx.com/nike-dunk-low-retro-miami-hurricanes
Nike Blazer Low Off White University Red,https://stockx.com/nike-blazer-low-off-white-university-red
Jordan 1 Retro High Electro Orange,https://stockx.com/air-jordan-1-retro-high-electro-orange
Jordan 4 Retro White Oreo 2021,https://stockx.com/air-jordan-4-retro-white-oreo-2021
Jordan 13 Retro Dune Red,https://stockx.com/air-jordan-13-retro-dune-red
Jordan 1 Mid SE Panda Elephant,https://stockx.com/air-jordan-1-mid-se-panda-elephant
Nike M2K Tekno White Pure Platinum Women s,https://stockx.com/nike-m2k-tekno-white-pure-platinum-w
New Balance 550 Cream Black,https://stockx.com/new-balance-550-cream-black
adidas Yeezy Boost 700 V2 Tephra,https://stockx.com/adidas-yeezy-boost-700-v2-tephra
adidas Samba OG Cloud White Core Black Women s,https://stockx.com/adidas-samba-og-cloud-white-core-black-womens
adidas Forum Low CL Cream White Dark Blue,https://stockx.com/adidas-forum-low-cl-cream-white-dark-blue
adidas Handball Spezial Sporty Rich Pink,https://stockx.com/adidas-handball-spezial-sporty-rich-pink
Nike Dunk Low QS CO JP Reverse Ultraman 2024,https://stockx.com/nike-dunk-low-qs-cojp-reverse-ultraman-2024
Jordan Spizike Low Coconut Milk,https://stockx.com/air-jordan-spizike-low-coconut-milk
ASICS GT 2160 White Sweet Pink,https://stockx.com/asics-gt-2160-white-sweet-pink
Jordan Spizike Low Summit White Photon Dust,https://stockx.com/air-jordan-spizike-low-summit-white-photon-dust
Jordan 13 Retro Playoffs 2023,https://stockx.com/air-jordan-13-retro-playoffs-2023
adidas Gazelle Indoor CLOT By Edison Chen Off White,https://stockx.com/adidas-gazelle-clot-by-edison-chen-off-white
Nike Dunk Low Next Nature Flax Coconut Milk Women s,https://stockx.com/nike-dunk-low-next-nature-flax-coconut-milk-womens
adidas Superstar Wales Bonner White Croc,https://stockx.com/adidas-superstar-wales-bonner-white-croc
adidas Handball Spezial White Black Gum,https://stockx.com/adidas-handball-spezial-white-black-gum
adidas Samba OG Off White Alluminum,https://stockx.com/adidas-samba-og-off-white-alluminum
UGG Tasman Slipper Antilope Women s,https://stockx.com/ugg-tasman-slipper-antilope-womens
ASICS Gel Kayano 14 Oyster White Steeple Grey,https://stockx.com/asics-gel-kayano-14-oyster-white-steeple-grey
adidas Samba Decon Black White Gum,https://stockx.com/adidas-samba-decon-black-white-gum
Nike Air Zoom GT Cut 3 Jordan Poole PE,https://stockx.com/nike-air-zoom-gt-cut-3-air-jordan-poole-pe
New Balance 9060 Triple White,https://stockx.com/new-balance-9060-triple-white
Jordan 1 Low OG Metallic Silver,https://stockx.com/air-jordan-1-low-og-metallic-silver
Jordan 11 Retro Low Cement Grey,https://stockx.com/air-jordan-11-retro-low-cement-grey
